symbol,fiscal_year,Free Cash Flow,Repurchase Of Capital Stock,Repayment Of Debt,Issuance Of Debt,Issuance Of Capital Stock,Capital Expenditure,Interest Paid Supplemental Data,Income Tax Paid Supplemental Data,End Cash Position,Beginning Cash Position,Changes In Cash,Financing Cash Flow,Cash Flow From Continuing Financing Activities,Net Other Financing Charges,Cash Dividends Paid,Common Stock Dividend Paid,Net Common Stock Issuance,Common Stock Payments,Common Stock Issuance,Net Issuance Payments Of Debt,Net Short Term Debt Issuance,Net Long Term Debt Issuance,Long Term Debt Payments,Long Term Debt Issuance,Investing Cash Flow,Cash Flow From Continuing Investing Activities,Net Other Investing Changes,Net Investment Purchase And Sale,Sale Of Investment,Purchase Of Investment,Net Business Purchase And Sale,Purchase Of Business,Net PPE Purchase And Sale,Purchase Of PPE,Operating Cash Flow,Cash Flow From Continuing Operating Activities,Change In Working Capital,Change In Other Working Capital,Change In Other Current Liabilities,Change In Other Current Assets,Change In Payables And Accrued Expense,Change In Payable,Change In Account Payable,Change In Inventory,Change In Receivables,Changes In Account Receivables,Other Non Cash Items,Stock Based Compensation,Deferred Tax,Deferred Income Tax,Depreciation Amortization Depletion,Depreciation And Amortization,Net Income From Continuing Operations,Effect Of Exchange Rate Changes,Short Term Debt Issuance,Change In Tax Payable,Change In Income Tax Payable,Unrealized Gain Loss On Investment Securities,Asset Impairment Charge,Depreciation,Operating Gains Losses,Gain Loss On Investment Securities,Proceeds From Stock Option Exercised,Change In Accrued Expense,Amortization Cash Flow,Amortization Of Intangibles,Sale Of Business,Sale Of PPE,Change In Prepaid Assets,Short Term Debt Payments,Capital Expenditure Reported,Gain Loss On Sale Of Business,Net Preferred Stock Issuance,Preferred Stock Payments,Preferred Stock Issuance,Cash From Discontinued Financing Activities,Cash From Discontinued Investing Activities,Dividends Received Cfi,Cash From Discontinued Operating Activities,Earnings Losses From Equity Investments,Net Intangibles Purchase And Sale,Purchase Of Intangibles,Provisionand Write Offof Assets,Other Cash Adjustment Outside Changein Cash,Dividend Received Cfo,Dividend Paid Cfo,Pension And Employee Benefit Expense,Depletion,Net Foreign Currency Exchange Gain Loss,Sale Of Intangibles,Gain Loss On Sale Of PPE
AAPL,2025-09-30,98767000000.0,-90711000000.0,-10932000000.0,4481000000.0,,-12715000000.0,,43369000000.0,35934000000.0,29943000000.0,5991000000.0,-120686000000.0,-120686000000.0,-6071000000.0,-15421000000.0,-15421000000.0,-90711000000.0,-90711000000.0,,-8483000000.0,-2032000000.0,-6451000000.0,-10932000000.0,4481000000.0,15195000000.0,15195000000.0,-1480000000.0,29390000000.0,53797000000.0,-24407000000.0,,,-12715000000.0,-12715000000.0,111482000000.0,111482000000.0,-25000000000.0,,-11076000000.0,-9197000000.0,902000000.0,902000000.0,902000000.0,1400000000.0,-7029000000.0,-6682000000.0,-89000000.0,12863000000.0,,,11698000000.0,11698000000.0,112010000000.0,,,,,,,,,,,,,,,,,,,,,,,,,,,,,,,,,,,,,,
AAPL,2024-09-30,108807000000.0,-94949000000.0,-9958000000.0,0.0,,-9447000000.0,,26102000000.0,29943000000.0,30737000000.0,-794000000.0,-121983000000.0,-121983000000.0,-5802000000.0,-15234000000.0,-15234000000.0,-94949000000.0,-94949000000.0,,-5998000000.0,3960000000.0,-9958000000.0,-9958000000.0,0.0,2935000000.0,2935000000.0,-1308000000.0,13690000000.0,62346000000.0,-48656000000.0,,,-9447000000.0,-9447000000.0,118254000000.0,118254000000.0,3651000000.0,,15552000000.0,-11731000000.0,6020000000.0,6020000000.0,6020000000.0,-1046000000.0,-5144000000.0,-3788000000.0,-2266000000.0,11688000000.0,,,11445000000.0,11445000000.0,93736000000.0,,,,,,,,,,,,,,,,,,,,,,,,,,,,,,,,,,,,,,
AAPL,2023-09-30,99584000000.0,-77550000000.0,-11151000000.0,5228000000.0,,-10959000000.0,3803000000.0,18679000000.0,30737000000.0,24977000000.0,5760000000.0,-108488000000.0,-108488000000.0,-6012000000.0,-15025000000.0,-15025000000.0,-77550000000.0,-77550000000.0,,-9901000000.0,-3978000000.0,-5923000000.0,-11151000000.0,5228000000.0,3705000000.0,3705000000.0,-1337000000.0,16001000000.0,45514000000.0,-29513000000.0,,,-10959000000.0,-10959000000.0,110543000000.0,110543000000.0,-6577000000.0,,3031000000.0,-5684000000.0,-1889000000.0,-1889000000.0,-1889000000.0,-1618000000.0,-417000000.0,-1688000000.0,-2227000000.0,10833000000.0,,,11519000000.0,11519000000.0,96995000000.0,,,,,,,,,,,,,,,,,,,,,,,,,,,,,,,,,,,,,,
AAPL,2022-09-30,111443000000.0,-89402000000.0,-9543000000.0,5465000000.0,,-10708000000.0,2865000000.0,19573000000.0,24977000000.0,35929000000.0,-10952000000.0,-110749000000.0,-110749000000.0,-6383000000.0,-14841000000.0,-14841000000.0,-89402000000.0,-89402000000.0,,-123000000.0,3955000000.0,-4078000000.0,-9543000000.0,5465000000.0,-22354000000.0,-22354000000.0,-2086000000.0,-9560000000.0,67363000000.0,-76923000000.0,-306000000.0,-306000000.0,-10708000000.0,-10708000000.0,122151000000.0,122151000000.0,1200000000.0,478000000.0,6110000000.0,-6499000000.0,9448000000.0,9448000000.0,9448000000.0,1484000000.0,-9343000000.0,-1823000000.0,1006000000.0,9038000000.0,895000000.0,895000000.0,11104000000.0,11104000000.0,99803000000.0,,,,,,,,,,,,,,,,,,,,,,,,,,,,,,,,,,,,,,
AAPL,2021-09-30,,,,,1105000000.0,,2687000000.0,,,,,,,,,,,,1105000000.0,,,,,,,,,,,,-33000000.0,-33000000.0,,,,,,1676000000.0,,,,,,,,,,,-4774000000.0,-4774000000.0,,,,,,,,,,,,,,,,,,,,,,,,,,,,,,,,,,,,,,,,,
MSFT,2025-06-30,71611000000.0,-18420000000.0,-3216000000.0,0.0,2056000000.0,-64551000000.0,,,30242000000.0,18315000000.0,11864000000.0,-51699000000.0,-51699000000.0,-2291000000.0,-24082000000.0,-24082000000.0,-16364000000.0,-18420000000.0,2056000000.0,-8962000000.0,-5746000000.0,-3216000000.0,-3216000000.0,0.0,-72599000000.0,-72599000000.0,2317000000.0,-4387000000.0,25388000000.0,-29775000000.0,-5978000000.0,-5978000000.0,-64551000000.0,-64551000000.0,136162000000.0,136162000000.0,-5350000000.0,5400000000.0,4947000000.0,-5994000000.0,569000000.0,569000000.0,569000000.0,309000000.0,-10581000000.0,-10581000000.0,,11974000000.0,-7056000000.0,-7056000000.0,34153000000.0,34153000000.0,101832000000.0,63000000.0,,,,-536000000.0,943000000.0,34153000000.0,202000000.0,202000000.0,,,,,,,,,,,,,,,,,,,,,,,,,,,,,
MSFT,2024-06-30,74071000000.0,-17254000000.0,-29070000000.0,24395000000.0,2002000000.0,-44477000000.0,,,18315000000.0,34704000000.0,-16179000000.0,-37757000000.0,-37757000000.0,-1309000000.0,-21771000000.0,-21771000000.0,-15252000000.0,-17254000000.0,2002000000.0,575000000.0,5250000000.0,-4675000000.0,-29070000000.0,24395000000.0,-96970000000.0,-96970000000.0,-1298000000.0,17937000000.0,35669000000.0,-17732000000.0,-69132000000.0,-69132000000.0,-44477000000.0,-44477000000.0,118548000000.0,118548000000.0,1824000000.0,7035000000.0,5616000000.0,-8465000000.0,3545000000.0,3545000000.0,3545000000.0,1284000000.0,-7191000000.0,-7191000000.0,,10734000000.0,-4738000000.0,-4738000000.0,22287000000.0,22287000000.0,88136000000.0,-210000000.0,5250000000.0,1687000000.0,1687000000.0,-146000000.0,206000000.0,22287000000.0,245000000.0,245000000.0,,,,,,,,,,,,,,,,,,,,,,,,,,,,,
MSFT,2023-06-30,59475000000.0,-22245000000.0,-2750000000.0,0.0,1866000000.0,-28107000000.0,,,34704000000.0,13931000000.0,20967000000.0,-43935000000.0,-43935000000.0,-1006000000.0,-19800000000.0,-19800000000.0,-20379000000.0,-22245000000.0,1866000000.0,-2750000000.0,0.0,-2750000000.0,-2750000000.0,0.0,-22680000000.0,-22680000000.0,-3116000000.0,10213000000.0,47864000000.0,-37651000000.0,-1670000000.0,-1670000000.0,-28107000000.0,-28107000000.0,87582000000.0,87582000000.0,-2388000000.0,5177000000.0,2825000000.0,-4824000000.0,-2721000000.0,-2721000000.0,-2721000000.0,1242000000.0,-4087000000.0,-4087000000.0,,9611000000.0,-6059000000.0,-6059000000.0,13861000000.0,13861000000.0,72361000000.0,-194000000.0,0.0,-358000000.0,-358000000.0,-303000000.0,30000000.0,13861000000.0,469000000.0,469000000.0,,,,,,,,,,,,,,,,,,,,,,,,,,,,,
MSFT,2022-06-30,65149000000.0,-32696000000.0,-9023000000.0,0.0,1841000000.0,-23886000000.0,,,13931000000.0,14224000000.0,-152000000.0,-58876000000.0,-58876000000.0,-863000000.0,-18135000000.0,-18135000000.0,-30855000000.0,-32696000000.0,1841000000.0,-9023000000.0,0.0,-9023000000.0,-9023000000.0,0.0,-30311000000.0,-30311000000.0,-2825000000.0,18438000000.0,44894000000.0,-26456000000.0,-22038000000.0,-22038000000.0,-23886000000.0,-23886000000.0,89035000000.0,89035000000.0,446000000.0,5805000000.0,3169000000.0,-3514000000.0,2943000000.0,2943000000.0,2943000000.0,-1123000000.0,-6834000000.0,-6834000000.0,,7502000000.0,-5702000000.0,-5702000000.0,14460000000.0,14460000000.0,72738000000.0,-141000000.0,0.0,696000000.0,696000000.0,-509000000.0,101000000.0,14460000000.0,-1000000.0,-1000000.0,,,,,,,,,,,,,,,,,,,,,,,,,,,,,
MSFT,2021-06-30,,,,,,,,,,,,,,,,,,,,,,,,,,,,,,,,,,,,,,,,,,,,,,,,,,,,,,,,-2309000000.0,-2309000000.0,,,,,,,,,,,,,,,,,,,,,,,,,,,,,,,,,,
GOOGL,2025-12-31,73266000000.0,-45709000000.0,-32427000000.0,64564000000.0,,-91447000000.0,,,30708000000.0,23466000000.0,7034000000.0,-37388000000.0,-37388000000.0,400000000.0,-10049000000.0,-10049000000.0,-45709000000.0,-45709000000.0,,32137000000.0,,32137000000.0,-32427000000.0,64564000000.0,-120291000000.0,-120291000000.0,-2370000000.0,-24882000000.0,84607000000.0,-109489000000.0,-1592000000.0,-1592000000.0,-91447000000.0,-91447000000.0,164713000000.0,164713000000.0,618000000.0,-806000000.0,,-4542000000.0,14745000000.0,907000000.0,907000000.0,,-8779000000.0,-8779000000.0,2108000000.0,24953000000.0,8348000000.0,8348000000.0,21136000000.0,21136000000.0,132170000000.0,208000000.0,,,,,,21136000000.0,-24620000000.0,-24620000000.0,-14167000000.0,13838000000.0,,,,,,,,,,,,,,,,,,,,,,,,,,,
GOOGL,2024-12-31,72764000000.0,-62222000000.0,-12701000000.0,13589000000.0,,-52535000000.0,,,23466000000.0,24048000000.0,30000000.0,-79733000000.0,-79733000000.0,1154000000.0,-7363000000.0,-7363000000.0,-62222000000.0,-62222000000.0,,888000000.0,,888000000.0,-12701000000.0,13589000000.0,-45536000000.0,-45536000000.0,-2667000000.0,12597000000.0,104310000000.0,-91713000000.0,-2931000000.0,-2931000000.0,-52535000000.0,-52535000000.0,125299000000.0,125299000000.0,-8406000000.0,-1375000000.0,,-1397000000.0,257000000.0,359000000.0,359000000.0,,-5891000000.0,-5891000000.0,3419000000.0,22785000000.0,-5257000000.0,-5257000000.0,15311000000.0,15311000000.0,100118000000.0,-612000000.0,,,,,,15311000000.0,-2671000000.0,-2671000000.0,-12190000000.0,-102000000.0,,,,,,,,,,,,,,,,,,,,,,,,,,,
GOOGL,2023-12-31,69495000000.0,-61504000000.0,-11550000000.0,10790000000.0,,-32251000000.0,,19164000000.0,24048000000.0,21879000000.0,2590000000.0,-72093000000.0,-72093000000.0,8000000.0,0.0,0.0,-61504000000.0,-61504000000.0,,-760000000.0,,-760000000.0,-11550000000.0,10790000000.0,-27063000000.0,-27063000000.0,-1051000000.0,6734000000.0,87619000000.0,-80885000000.0,-495000000.0,-495000000.0,-32251000000.0,-32251000000.0,101746000000.0,101746000000.0,-3845000000.0,1048000000.0,,-2143000000.0,5083000000.0,664000000.0,664000000.0,,-7833000000.0,-7833000000.0,4330000000.0,22460000000.0,-7763000000.0,-7763000000.0,11946000000.0,11946000000.0,73795000000.0,-421000000.0,,,,,,11946000000.0,823000000.0,823000000.0,-9837000000.0,4419000000.0,,,,,,,,,,,,,,,,,,,,,,,,,,,
GOOGL,2022-12-31,60010000000.0,-59296000000.0,-54068000000.0,52872000000.0,,-31485000000.0,,18892000000.0,21879000000.0,20945000000.0,1440000000.0,-69757000000.0,-69757000000.0,35000000.0,0.0,0.0,-59296000000.0,-59296000000.0,,-1196000000.0,,-1196000000.0,-54068000000.0,52872000000.0,-20298000000.0,-20298000000.0,1589000000.0,16567000000.0,97972000000.0,-81405000000.0,-6969000000.0,-6969000000.0,-31485000000.0,-31485000000.0,91495000000.0,91495000000.0,-2235000000.0,951000000.0,,-5046000000.0,4177000000.0,707000000.0,707000000.0,,-2317000000.0,-2317000000.0,3483000000.0,19362000000.0,-8081000000.0,-8081000000.0,13475000000.0,13475000000.0,59972000000.0,-506000000.0,,,,,,13475000000.0,5519000000.0,5519000000.0,-9300000000.0,3470000000.0,641000000.0,641000000.0,,,,,,,,,,,,,,,,,,,,,,,,,
GOOGL,2021-12-31,,,,,,,,13412000000.0,,,,,,,,,,,,,,,,,,,,,,,,,,,,,,,,,,,,,,,,,,,,,,,,,,,,,,,,,886000000.0,886000000.0,,,,,,,,,,,,,,,,,,,,,,,,,
META,2025-12-31,46109000000.0,-26248000000.0,-2524000000.0,29906000000.0,,-69691000000.0,696000000.0,7578000000.0,39100000000.0,45438000000.0,-6573000000.0,-20370000000.0,-20370000000.0,-16180000000.0,-5324000000.0,-5324000000.0,-26248000000.0,-26248000000.0,,27382000000.0,,27382000000.0,-2524000000.0,29906000000.0,-102003000000.0,-102003000000.0,-2250000000.0,-28385000000.0,26874000000.0,-55259000000.0,-1677000000.0,-4231000000.0,-69691000000.0,-69691000000.0,115800000000.0,115800000000.0,-885000000.0,,437000000.0,-481000000.0,1063000000.0,-14000000.0,-14000000.0,,-1815000000.0,-1815000000.0,-416000000.0,20427000000.0,18738000000.0,18738000000.0,18616000000.0,18616000000.0,60458000000.0,235000000.0,,,,-1138000000.0,0.0,,,,,1077000000.0,,,2554000000.0,,-89000000.0,,,,,,,,,,,,,,,,,,,,,,
META,2024-12-31,54072000000.0,-30125000000.0,-1969000000.0,10432000000.0,,-37256000000.0,486000000.0,10554000000.0,45438000000.0,42827000000.0,3397000000.0,-40781000000.0,-40781000000.0,-14047000000.0,-5072000000.0,-5072000000.0,-30125000000.0,-30125000000.0,,8463000000.0,,8463000000.0,-1969000000.0,10432000000.0,-47150000000.0,-47150000000.0,140000000.0,-9764000000.0,15789000000.0,-25553000000.0,-270000000.0,-270000000.0,-37256000000.0,-37256000000.0,91328000000.0,91328000000.0,1048000000.0,,2805000000.0,-270000000.0,696000000.0,373000000.0,373000000.0,,-1485000000.0,-1485000000.0,140000000.0,16690000000.0,-4738000000.0,-4738000000.0,15498000000.0,15498000000.0,62360000000.0,-786000000.0,,,,-53000000.0,383000000.0,,,,,323000000.0,,,0.0,,-698000000.0,,,,,,,,,,,,,,,,,,,,,,
META,2023-12-31,44068000000.0,-19774000000.0,-1058000000.0,8455000000.0,,-27045000000.0,448000000.0,6607000000.0,42827000000.0,15596000000.0,27118000000.0,-19500000000.0,-19500000000.0,-7123000000.0,0.0,0.0,-19774000000.0,-19774000000.0,,7397000000.0,,7397000000.0,-1058000000.0,8455000000.0,-24495000000.0,-24495000000.0,-22000000.0,3201000000.0,6184000000.0,-2983000000.0,-629000000.0,-629000000.0,-27045000000.0,-27045000000.0,71113000000.0,71113000000.0,3836000000.0,,624000000.0,-80000000.0,5132000000.0,51000000.0,51000000.0,,-2399000000.0,-2399000000.0,309000000.0,14027000000.0,131000000.0,131000000.0,11178000000.0,11178000000.0,39098000000.0,113000000.0,,,,102000000.0,2432000000.0,,,,,5081000000.0,,,0.0,221000000.0,559000000.0,,,,,,,,,,,,,,,,,,,,,,
META,2022-12-31,19289000000.0,-27956000000.0,-850000000.0,9921000000.0,,-31186000000.0,0.0,6407000000.0,15596000000.0,16865000000.0,-631000000.0,-22136000000.0,-22136000000.0,-3251000000.0,0.0,0.0,-27956000000.0,-27956000000.0,,9071000000.0,,9071000000.0,-850000000.0,9921000000.0,-28970000000.0,-28970000000.0,-4000000.0,3532000000.0,13158000000.0,-9626000000.0,-1312000000.0,-1312000000.0,-31186000000.0,-31186000000.0,50475000000.0,50475000000.0,5683000000.0,,886000000.0,-106000000.0,4510000000.0,210000000.0,210000000.0,,231000000.0,231000000.0,1982000000.0,11992000000.0,-3286000000.0,-3286000000.0,8686000000.0,8686000000.0,23200000000.0,-638000000.0,,,,463000000.0,2218000000.0,,,,,4300000000.0,,,,245000000.0,162000000.0,,,,,,,,,,,,,,,,,,,,,,
META,2021-12-31,,,,,,,,,,,,,,,,,,,,,14000000.0,,,,,,,,,,,,,,,,,187000000.0,,,,,,,,,,,,,,,,,,,,,,,,,,,,,,123000000.0,,,,,,,,,,,,,,,,,,,,,,,
NVDA,2026-01-31,96676000000.0,-40086000000.0,0.0,,,-6042000000.0,,20288000000.0,10605000000.0,8589000000.0,2016000000.0,-48474000000.0,-48474000000.0,-8058000000.0,-974000000.0,-974000000.0,-40086000000.0,-40086000000.0,,0.0,,0.0,0.0,,-52228000000.0,-52228000000.0,,-31651000000.0,26467000000.0,-58118000000.0,-14535000000.0,-14535000000.0,-6042000000.0,-6042000000.0,102718000000.0,102718000000.0,-15949000000.0,,1844000000.0,,8353000000.0,3096000000.0,3096000000.0,-11324000000.0,-15399000000.0,-15399000000.0,-287000000.0,6386000000.0,-1424000000.0,-1424000000.0,2843000000.0,2843000000.0,120067000000.0,,,,,,,,-8918000000.0,-8918000000.0,644000000.0,5257000000.0,,,,,577000000.0,,,,,,,,,,,,,,,,,,,,,,
NVDA,2025-01-31,60853000000.0,-33706000000.0,-1250000000.0,,,-3236000000.0,246000000.0,15118000000.0,8589000000.0,7280000000.0,1309000000.0,-42359000000.0,-42359000000.0,-7059000000.0,-834000000.0,-834000000.0,-33706000000.0,-33706000000.0,,-1250000000.0,,-1250000000.0,-1250000000.0,,-20421000000.0,-20421000000.0,22000000.0,-16200000000.0,11861000000.0,-28061000000.0,-1007000000.0,-1007000000.0,-3236000000.0,-3236000000.0,64089000000.0,64089000000.0,-9383000000.0,,1221000000.0,,7635000000.0,3357000000.0,3357000000.0,-4781000000.0,-13063000000.0,-13063000000.0,-502000000.0,4737000000.0,-4477000000.0,-4477000000.0,1864000000.0,1864000000.0,72880000000.0,,,,,,,,-1030000000.0,-1030000000.0,490000000.0,4278000000.0,,,,,-395000000.0,,,,,,,,,,,,,,,,,,,,,,
NVDA,2024-01-31,27021000000.0,-9533000000.0,-1250000000.0,0.0,,-1069000000.0,252000000.0,6549000000.0,7280000000.0,3389000000.0,3891000000.0,-13633000000.0,-13633000000.0,-2858000000.0,-395000000.0,-395000000.0,-9533000000.0,-9533000000.0,,-1250000000.0,,-1250000000.0,-1250000000.0,0.0,-10566000000.0,-10566000000.0,-124000000.0,-9290000000.0,9783000000.0,-19073000000.0,-83000000.0,-83000000.0,-1069000000.0,-1069000000.0,28090000000.0,28090000000.0,-3722000000.0,,514000000.0,,3556000000.0,1531000000.0,1531000000.0,-98000000.0,-6172000000.0,-6172000000.0,-278000000.0,3549000000.0,-2489000000.0,-2489000000.0,1508000000.0,1508000000.0,29760000000.0,,,,,,,894000000.0,-238000000.0,-238000000.0,403000000.0,2025000000.0,614000000.0,614000000.0,,,-1522000000.0,,,,,,,,,,,,,,,,,,,,,,
NVDA,2023-01-31,3808000000.0,-10039000000.0,0.0,0.0,,-1833000000.0,254000000.0,1404000000.0,3389000000.0,1990000000.0,1399000000.0,-11617000000.0,-11617000000.0,-1535000000.0,-398000000.0,-398000000.0,-10039000000.0,-10039000000.0,,0.0,,0.0,0.0,0.0,7375000000.0,7375000000.0,,9257000000.0,21239000000.0,-11982000000.0,-49000000.0,-49000000.0,-1833000000.0,-1833000000.0,5641000000.0,5640000000.0,-2207000000.0,,252000000.0,,790000000.0,-551000000.0,-551000000.0,-2554000000.0,822000000.0,822000000.0,1347000000.0,2709000000.0,-2164000000.0,-2164000000.0,1543000000.0,1543000000.0,4368000000.0,,,,,,,844000000.0,45000000.0,45000000.0,355000000.0,1341000000.0,699000000.0,699000000.0,,,-1517000000.0,,,,,,,,,,,,,,,,,,,,,,
NVDA,2022-01-31,,,,4977000000.0,,,246000000.0,,,,,,,,,,,,,,,,,4977000000.0,,,,,,,,,,,,,,,,,,,,,,,,,,,,,,,,,,,,611000000.0,,,,,563000000.0,563000000.0,,,,,,,,,,,,,,,,,,,,,,,,,
AMZN,2025-12-31,7695000000.0,,-15332000000.0,24993000000.0,,-131819000000.0,1949000000.0,8295000000.0,90106000000.0,82312000000.0,6630000000.0,9661000000.0,9661000000.0,,,,,,,9661000000.0,894000000.0,8767000000.0,-6906000000.0,15673000000.0,-142545000000.0,-142545000000.0,,-10384000000.0,44386000000.0,-54770000000.0,-3841000000.0,-3841000000.0,-128320000000.0,-131819000000.0,139514000000.0,139514000000.0,-19969000000.0,-214000000.0,,-15632000000.0,6212000000.0,11231000000.0,11231000000.0,-3002000000.0,-7333000000.0,-7333000000.0,-14880000000.0,19467000000.0,11470000000.0,11470000000.0,65756000000.0,65756000000.0,77670000000.0,1164000000.0,9320000000.0,,,,,,,,,-5019000000.0,,,,3499000000.0,,-8426000000.0,,,,,,,,,,,,,,,,,,,,,
AMZN,2024-12-31,32878000000.0,0.0,-16954000000.0,5142000000.0,,-82999000000.0,2364000000.0,12308000000.0,82312000000.0,73890000000.0,9723000000.0,-11812000000.0,-11812000000.0,,,,0.0,0.0,,-11812000000.0,82000000.0,-11894000000.0,-11894000000.0,0.0,-94342000000.0,-94342000000.0,,-9602000000.0,16403000000.0,-26005000000.0,-7082000000.0,-7082000000.0,-77658000000.0,-82999000000.0,115877000000.0,115877000000.0,-15541000000.0,4007000000.0,,-14483000000.0,68000000.0,2972000000.0,2972000000.0,-1884000000.0,-3249000000.0,-3249000000.0,2012000000.0,22011000000.0,-4648000000.0,-4648000000.0,52795000000.0,52795000000.0,59248000000.0,-1301000000.0,5142000000.0,,,,,,,,,-2904000000.0,,,,5341000000.0,,-5060000000.0,,,,,,,,,,,,,,,,,,,,,
AMZN,2023-12-31,32217000000.0,0.0,-34008000000.0,18129000000.0,,-52729000000.0,3112000000.0,11179000000.0,73890000000.0,54253000000.0,19234000000.0,-15879000000.0,-15879000000.0,-271000000.0,,,0.0,0.0,,-15879000000.0,-7548000000.0,-8331000000.0,-8331000000.0,0.0,-49833000000.0,-49833000000.0,,4139000000.0,5627000000.0,-1488000000.0,-5839000000.0,-5839000000.0,-48133000000.0,-52729000000.0,84946000000.0,84946000000.0,-11541000000.0,4578000000.0,,-12265000000.0,3045000000.0,5473000000.0,5473000000.0,1449000000.0,-8348000000.0,-8348000000.0,-748000000.0,24023000000.0,-5876000000.0,-5876000000.0,48663000000.0,48663000000.0,30425000000.0,403000000.0,18129000000.0,,,,,,,,,-2428000000.0,,,,4596000000.0,,-25677000000.0,,,,,,,,,,,,,,,,,,,,,
AMZN,2022-12-31,-16893000000.0,-6000000000.0,-47001000000.0,62719000000.0,,-63645000000.0,2142000000.0,6035000000.0,54253000000.0,36477000000.0,18869000000.0,9718000000.0,9718000000.0,-248000000.0,,,-6000000000.0,-6000000000.0,,15718000000.0,3999000000.0,11719000000.0,-9447000000.0,21166000000.0,-37601000000.0,-37601000000.0,,29036000000.0,31601000000.0,-2565000000.0,-8316000000.0,-8316000000.0,-58321000000.0,-63645000000.0,46752000000.0,46752000000.0,-20886000000.0,2216000000.0,,-13275000000.0,1387000000.0,2945000000.0,2945000000.0,-2592000000.0,-8622000000.0,-8622000000.0,16966000000.0,19621000000.0,-8148000000.0,-8148000000.0,41921000000.0,41921000000.0,-2722000000.0,-1093000000.0,41553000000.0,,,,,,,,,-1558000000.0,,,,5324000000.0,,-37554000000.0,,,,,,,,,,,,,,,,,,,,,
AMZN,2021-12-31,,0.0,,,,,,,,,,,,-162000000.0,,,0.0,0.0,,,,,,,,,,,,,,,,,,,,,,,,,,,,,,,,,,,,,,,,,,,,,,,,,,,,,,,,,,,,,,,,,,,,,,,,,
CRM,2026-01-31,14402000000.0,-12596000000.0,-584000000.0,6000000000.0,,-594000000.0,276000000.0,1282000000.0,7327000000.0,8848000000.0,-1673000000.0,-8079000000.0,-8079000000.0,-351000000.0,-1587000000.0,-1587000000.0,-12596000000.0,-12596000000.0,,5416000000.0,,5416000000.0,-584000000.0,6000000000.0,-8590000000.0,-8590000000.0,,1272000000.0,6993000000.0,-5721000000.0,-9268000000.0,-9268000000.0,,,14996000000.0,14996000000.0,-781000000.0,113000000.0,-567000000.0,,1014000000.0,1014000000.0,1014000000.0,,-2160000000.0,-2160000000.0,2197000000.0,3509000000.0,,,3631000000.0,3631000000.0,7457000000.0,152000000.0,,,,,,,-1017000000.0,-1017000000.0,1039000000.0,,,,,,819000000.0,,-594000000.0,,,,,,,,,,,,,,,,,,,,
CRM,2025-01-31,12434000000.0,-7829000000.0,-1603000000.0,0.0,,-658000000.0,233000000.0,2061000000.0,8848000000.0,8472000000.0,500000000.0,-9429000000.0,-9429000000.0,,-1537000000.0,-1537000000.0,-7829000000.0,-7829000000.0,,-1603000000.0,,-1603000000.0,-1603000000.0,0.0,-3163000000.0,-3163000000.0,,229000000.0,7647000000.0,-7418000000.0,-2734000000.0,-2734000000.0,,,13092000000.0,13092000000.0,-1981000000.0,-537000000.0,-548000000.0,,1089000000.0,1089000000.0,1089000000.0,,-490000000.0,-490000000.0,2095000000.0,3183000000.0,,,3477000000.0,3477000000.0,6197000000.0,-124000000.0,,,,,,,121000000.0,121000000.0,1540000000.0,,,,,,-1495000000.0,,-658000000.0,,,,,,,,,,,,,,,,,,,,
CRM,2024-01-31,9498000000.0,-7620000000.0,-1811000000.0,0.0,,-736000000.0,254000000.0,1027000000.0,8472000000.0,7016000000.0,1430000000.0,-7477000000.0,-7477000000.0,,0.0,0.0,-7620000000.0,-7620000000.0,,-1811000000.0,,-1811000000.0,-1811000000.0,0.0,-1327000000.0,-1327000000.0,,-509000000.0,3748000000.0,-4257000000.0,-82000000.0,-82000000.0,,,10234000000.0,10234000000.0,-2850000000.0,-249000000.0,-621000000.0,,-478000000.0,-478000000.0,-478000000.0,,-659000000.0,-659000000.0,1925000000.0,2787000000.0,,,3959000000.0,3959000000.0,4136000000.0,26000000.0,,,,,,,277000000.0,277000000.0,1954000000.0,,,,,,-843000000.0,,-736000000.0,,,,,,,,,,,,,,,,,,,,
CRM,2023-01-31,6313000000.0,-4000000000.0,-423000000.0,0.0,,-798000000.0,275000000.0,510000000.0,7016000000.0,5464000000.0,1560000000.0,-3562000000.0,-3562000000.0,,0.0,0.0,-4000000000.0,-4000000000.0,,-423000000.0,,-423000000.0,-423000000.0,0.0,-1989000000.0,-1989000000.0,,-752000000.0,4575000000.0,-5327000000.0,-439000000.0,-439000000.0,,,7111000000.0,7111000000.0,-2069000000.0,-601000000.0,-699000000.0,,528000000.0,528000000.0,528000000.0,,-995000000.0,-995000000.0,1668000000.0,3279000000.0,0.0,0.0,3786000000.0,3786000000.0,208000000.0,-8000000.0,,,,,,,239000000.0,239000000.0,861000000.0,,,,,,-302000000.0,,-798000000.0,,,,,,,,,,,,,,,,,,,,
CRM,2022-01-31,,,,,,,,,,,,,,,,,,,,,,,,,,,,,,,,,,,,,,,,,,,,,,,,,0.0,0.0,,,,,,,,,,,,,,,,,,,,,,0.0,,,,,,,,,,,,,,,,,,,
JPM,2025-12-31,-147782000000.0,-34591000000.0,-108100000000.0,120761000000.0,3000000000.0,,96436000000.0,5309000000.0,343338000000.0,469317000000.0,-143814000000.0,269533000000.0,269533000000.0,-3037000000.0,-16625000000.0,,-31591000000.0,-31591000000.0,,22083000000.0,9422000000.0,12661000000.0,-108100000000.0,120761000000.0,-265565000000.0,-265565000000.0,-12665000000.0,-80704000000.0,233500000000.0,-314204000000.0,0.0,0.0,,,-147782000000.0,-147782000000.0,-218801000000.0,-199975000000.0,,-12582000000.0,5270000000.0,5270000000.0,5270000000.0,,-11514000000.0,-11514000000.0,-14673000000.0,,5611000000.0,5611000000.0,8821000000.0,8821000000.0,57048000000.0,17835000000.0,,,,,,,,0.0,,,,,,,,,,,0.0,-3000000000.0,3000000000.0,,,,,,,,,,,,,,,,
JPM,2024-12-31,-42012000000.0,-28680000000.0,-96605000000.0,109915000000.0,2500000000.0,,99642000000.0,11715000000.0,469317000000.0,624151000000.0,-141968000000.0,63447000000.0,63447000000.0,74000000.0,-14783000000.0,,-18830000000.0,-18830000000.0,,20749000000.0,7439000000.0,13310000000.0,-96605000000.0,109915000000.0,-163403000000.0,-163403000000.0,-2146000000.0,-114934000000.0,242487000000.0,-357421000000.0,-2362000000.0,-2362000000.0,,,-42012000000.0,-42012000000.0,-114220000000.0,-112215000000.0,,-7650000000.0,-90000000.0,-90000000.0,-90000000.0,,5735000000.0,5735000000.0,1107000000.0,,2004000000.0,2004000000.0,7938000000.0,7938000000.0,58471000000.0,-12866000000.0,,,,,,,-7990000000.0,-7990000000.0,,,,,,,,,,,-7350000000.0,-9850000000.0,2500000000.0,,,,,,,,,,,,,,,,
JPM,2023-12-31,12974000000.0,-9824000000.0,-64880000000.0,75417000000.0,0.0,,77114000000.0,9908000000.0,624151000000.0,567234000000.0,55046000000.0,-25571000000.0,-25571000000.0,7508000000.0,-13463000000.0,,-9824000000.0,-9824000000.0,,8603000000.0,-1934000000.0,10537000000.0,-64880000000.0,75417000000.0,67643000000.0,67643000000.0,-16740000000.0,95594000000.0,215234000000.0,-119640000000.0,-9920000000.0,-9920000000.0,,,12974000000.0,12974000000.0,-56168000000.0,-83678000000.0,,32970000000.0,-25388000000.0,-25388000000.0,-25388000000.0,,19928000000.0,19928000000.0,7292000000.0,,-4534000000.0,-4534000000.0,7512000000.0,7512000000.0,49552000000.0,1871000000.0,,,,,,,-2775000000.0,0.0,,,,,,,,,,-2775000000.0,0.0,0.0,0.0,,,,,,,,,,,,,,,,
JPM,2022-12-31,107119000000.0,-10596000000.0,-45556000000.0,78442000000.0,0.0,,23143000000.0,4355000000.0,567234000000.0,740834000000.0,-156957000000.0,-126257000000.0,-126257000000.0,2439000000.0,-13562000000.0,,-3162000000.0,-3162000000.0,,23902000000.0,-8984000000.0,32886000000.0,-45556000000.0,78442000000.0,-137819000000.0,-137819000000.0,-11932000000.0,12467000000.0,172401000000.0,-159934000000.0,0.0,0.0,,,107119000000.0,107119000000.0,32686000000.0,-76000000.0,,-2882000000.0,58614000000.0,58614000000.0,58614000000.0,,-22970000000.0,-22970000000.0,26055000000.0,,-2738000000.0,-2738000000.0,7051000000.0,7051000000.0,37676000000.0,-16643000000.0,,,,,,,,0.0,,,,,,,,,,0.0,-7434000000.0,-7434000000.0,0.0,,,,,,,,,,,,,,,,
JPM,2021-12-31,,,,,,,,,,,,,,,,,,,,,,,,,,,,,,,,,,,,,,,,,,,,,,,,,,,,,,,,,,,,,,,,,,,,,,,,0.0,,,,,,,,,,,,,,,,,,,
GS,2025-12-31,-47218000000.0,-12360000000.0,-74833000000.0,94706000000.0,1895000000.0,-2064000000.0,65494000000.0,3990000000.0,164259000000.0,182092000000.0,-23281000000.0,66100000000.0,66100000000.0,75000000.0,-5277000000.0,,-12360000000.0,-12360000000.0,,18984000000.0,-889000000.0,19873000000.0,-74833000000.0,94706000000.0,-44227000000.0,-44227000000.0,,-5153000000.0,92947000000.0,-98100000000.0,1536000000.0,,-1261000000.0,-2064000000.0,-45154000000.0,-45154000000.0,-68907000000.0,-55512000000.0,,,,,,,,,1859000000.0,3445000000.0,204000000.0,204000000.0,2182000000.0,2182000000.0,17176000000.0,5448000000.0,,,,,,,,,,,,,,803000000.0,,,,,1895000000.0,0.0,1895000000.0,,,,,,,,,,,,,,,,
GS,2024-12-31,-15303000000.0,-10200000000.0,-76555000000.0,72495000000.0,4239000000.0,-2091000000.0,72623000000.0,3673000000.0,182092000000.0,241577000000.0,-55513000000.0,7323000000.0,7323000000.0,1306000000.0,-4497000000.0,,-8000000000.0,-8000000000.0,,10581000000.0,14641000000.0,-4060000000.0,-76555000000.0,72495000000.0,-49624000000.0,-49624000000.0,,-35723000000.0,56373000000.0,-92096000000.0,3622000000.0,,-478000000.0,-2091000000.0,-13212000000.0,-13212000000.0,-26451000000.0,-95570000000.0,,,,,,,,,-6640000000.0,2663000000.0,-800000000.0,-800000000.0,2392000000.0,2392000000.0,14276000000.0,-3972000000.0,,,,,,,,,,,,,,1613000000.0,,,,,2039000000.0,-2200000000.0,4239000000.0,,,,,,,,,,,,,,,,
GS,2023-12-31,-14903000000.0,-6796000000.0,-57636000000.0,50200000000.0,1496000000.0,-2316000000.0,60026000000.0,2389000000.0,241577000000.0,241825000000.0,-2099000000.0,27800000000.0,27800000000.0,2279000000.0,-4189000000.0,,-5796000000.0,-5796000000.0,,-4713000000.0,2723000000.0,-7436000000.0,-57636000000.0,50200000000.0,-17312000000.0,-17312000000.0,,-13408000000.0,26848000000.0,-40256000000.0,487000000.0,,962000000.0,-2316000000.0,-12587000000.0,-12587000000.0,-24413000000.0,-186275000000.0,,,,,,,,,-3299000000.0,2085000000.0,-1360000000.0,-1360000000.0,4856000000.0,4856000000.0,8516000000.0,1851000000.0,,,,,,,,,,,,,,3278000000.0,,,,,496000000.0,-1000000000.0,1496000000.0,,,,,,,,,,,,,,,,
GS,2022-12-31,4960000000.0,-3500000000.0,-46213000000.0,86322000000.0,0.0,-3748000000.0,19022000000.0,4555000000.0,241825000000.0,261036000000.0,-7650000000.0,59602000000.0,59602000000.0,563000000.0,-3682000000.0,,-3500000000.0,-3500000000.0,,38147000000.0,-1962000000.0,40109000000.0,-46213000000.0,86322000000.0,-75960000000.0,-75960000000.0,,-47575000000.0,12961000000.0,-60536000000.0,-2115000000.0,-2115000000.0,-1042000000.0,-3748000000.0,8708000000.0,8708000000.0,-9481000000.0,88354000000.0,,,,,,,,,87000000.0,4083000000.0,-2412000000.0,-2412000000.0,2455000000.0,2455000000.0,11261000000.0,-11561000000.0,,,,,,,,,,,,,,2706000000.0,,,,,0.0,0.0,0.0,,,,,,,,,,,,,,,,
GS,2021-12-31,,,,,,,,,,,,,,,,,,,,,,,,,,,,,,,,0.0,,,,,,,,,,,,,,,,,,,,,,,,,,,,,,,,,,,,,,,,,,,,,,,,,,,,,,,,,,,
BAC,2025-12-31,12613000000.0,-24102000000.0,-76031000000.0,99867000000.0,5493000000.0,,79065000000.0,3930000000.0,231845000000.0,290114000000.0,-62596000000.0,69948000000.0,69948000000.0,-613000000.0,-9563000000.0,,-21433000000.0,-21433000000.0,,28526000000.0,4690000000.0,23836000000.0,-76031000000.0,99867000000.0,-145157000000.0,-145157000000.0,-4331000000.0,1403000000.0,264886000000.0,-263483000000.0,,,,,12613000000.0,12613000000.0,-33081000000.0,-35027000000.0,,-19584000000.0,17315000000.0,,,,,,3739000000.0,4001000000.0,295000000.0,295000000.0,2314000000.0,2314000000.0,30509000000.0,4327000000.0,,,,,,,20000000.0,20000000.0,,17315000000.0,,,,,,,,,2824000000.0,-2669000000.0,5493000000.0,,,,,,,,,,,,,,,,
BAC,2024-12-31,-8805000000.0,-18358000000.0,-70411000000.0,56683000000.0,0.0,,89687000000.0,3822000000.0,290114000000.0,333073000000.0,-39129000000.0,60369000000.0,60369000000.0,-127000000.0,-9503000000.0,,-13104000000.0,-13104000000.0,,-1154000000.0,12574000000.0,-13728000000.0,-70411000000.0,56683000000.0,-90693000000.0,-90693000000.0,-4145000000.0,-48456000000.0,342455000000.0,-390911000000.0,,,,,-8805000000.0,-8805000000.0,-53315000000.0,-45504000000.0,,-4515000000.0,1025000000.0,,,,,,7522000000.0,3433000000.0,-1127000000.0,-1127000000.0,2189000000.0,2189000000.0,26973000000.0,-3830000000.0,,,,,,,29000000.0,29000000.0,,1025000000.0,,,,,,,,,-5254000000.0,-5254000000.0,0.0,,,,,,,,,,,,,,,,
BAC,2023-12-31,44982000000.0,-4576000000.0,-44571000000.0,65396000000.0,0.0,,69604000000.0,3405000000.0,333073000000.0,230203000000.0,102940000000.0,93345000000.0,93345000000.0,-717000000.0,-9087000000.0,,-4576000000.0,-4576000000.0,,25987000000.0,5162000000.0,20825000000.0,-44571000000.0,65396000000.0,-35387000000.0,-35387000000.0,-5258000000.0,-4238000000.0,286819000000.0,-291057000000.0,,,,,44982000000.0,44982000000.0,2580000000.0,44391000000.0,,-24304000000.0,-18148000000.0,,,,,,7708000000.0,2942000000.0,-1012000000.0,-1012000000.0,2057000000.0,2057000000.0,26305000000.0,-70000000.0,,,,,,,405000000.0,405000000.0,,-18148000000.0,,,,,,,,,0.0,0.0,0.0,,,,,,,,,,,,,,,,
BAC,2022-12-31,-6327000000.0,-5727000000.0,-34055000000.0,65910000000.0,4426000000.0,,18526000000.0,2288000000.0,230203000000.0,348221000000.0,-114895000000.0,-106039000000.0,-106039000000.0,-312000000.0,-8576000000.0,,-5073000000.0,-5073000000.0,,35034000000.0,3179000000.0,31855000000.0,-34055000000.0,65910000000.0,-2529000000.0,-2529000000.0,-4612000000.0,84103000000.0,243161000000.0,-159058000000.0,,,,,-6327000000.0,-6327000000.0,-51944000000.0,-95772000000.0,,20799000000.0,23029000000.0,,,,,,7927000000.0,2862000000.0,739000000.0,739000000.0,1978000000.0,1978000000.0,27528000000.0,-3123000000.0,,,,,,,-32000000.0,-32000000.0,,23029000000.0,,,,,,,,,3772000000.0,-654000000.0,4426000000.0,,,,,,,,,,,,,,,,
BAC,2021-12-31,,,,,,,,,,,,,,,,,,,,,,,,,,,,,,,,,,,,,,,,,,,,,,,,,,,,,,,,,,,0.0,,,,,,,,,,,,,,,,,,,,,,,,,,,,,,,,
PFE,2025-12-31,9075000000.0,,-9752000000.0,9678000000.0,,-2629000000.0,2739000000.0,4688000000.0,1197000000.0,1107000000.0,49000000.0,-10304000000.0,-10303000000.0,-459000000.0,-9771000000.0,-9771000000.0,,,,-74000000.0,-2995000000.0,2921000000.0,-6757000000.0,9678000000.0,-1351000000.0,-1351000000.0,165000000.0,1729000000.0,19054000000.0,-17325000000.0,-616000000.0,-6927000000.0,-2629000000.0,-2629000000.0,11704000000.0,11705000000.0,-5354000000.0,-2805000000.0,-3667000000.0,1289000000.0,-469000000.0,-469000000.0,-469000000.0,561000000.0,-263000000.0,-263000000.0,-1257000000.0,799000000.0,-2133000000.0,-2133000000.0,6592000000.0,6592000000.0,7787000000.0,41000000.0,0.0,,,,5270000000.0,,,,,,,,6311000000.0,,,-2995000000.0,,,,,,,,,,,,,,,,,,,,,
PFE,2024-12-31,9835000000.0,0.0,-16066000000.0,8907000000.0,,-2909000000.0,3227000000.0,3605000000.0,1107000000.0,2917000000.0,-1744000000.0,-17140000000.0,-17140000000.0,-469000000.0,-9512000000.0,-9512000000.0,0.0,0.0,,-7159000000.0,-4909000000.0,-2250000000.0,-2250000000.0,0.0,2652000000.0,2654000000.0,,-1479000000.0,8834000000.0,-10313000000.0,7040000000.0,0.0,-2909000000.0,-2909000000.0,12744000000.0,12743000000.0,-3066000000.0,-1345000000.0,-3115000000.0,3380000000.0,-1023000000.0,-1023000000.0,-1023000000.0,-854000000.0,-109000000.0,-109000000.0,-2271000000.0,877000000.0,-2102000000.0,-2102000000.0,7013000000.0,7013000000.0,8051000000.0,-66000000.0,8907000000.0,,,,4242000000.0,,,,,,,,7040000000.0,,,-13816000000.0,,,,,,,,0.0,,,,,,,,,,,,,
PFE,2023-12-31,4793000000.0,0.0,-2572000000.0,38517000000.0,,-3907000000.0,2215000000.0,3147000000.0,2917000000.0,468000000.0,2489000000.0,26066000000.0,26067000000.0,-632000000.0,-9247000000.0,-9247000000.0,0.0,0.0,,35945000000.0,7683000000.0,28262000000.0,-2569000000.0,30831000000.0,-32278000000.0,-32277000000.0,-180000000.0,15239000000.0,46417000000.0,-31178000000.0,-43430000000.0,-43430000000.0,-3907000000.0,-3907000000.0,8700000000.0,8702000000.0,-2172000000.0,-982000000.0,595000000.0,-663000000.0,-300000000.0,-300000000.0,-300000000.0,-1169000000.0,347000000.0,347000000.0,-4281000000.0,525000000.0,-3442000000.0,-3442000000.0,6290000000.0,6290000000.0,2173000000.0,-40000000.0,7686000000.0,,,,9607000000.0,,,,,,,,0.0,,,-3000000.0,,,,,,,0.0,0.0,0.0,,,,,,,,,,,,
PFE,2022-12-31,26031000000.0,-2000000000.0,-7407000000.0,3891000000.0,,-3236000000.0,1442000000.0,7867000000.0,468000000.0,1983000000.0,-1350000000.0,-14834000000.0,-14834000000.0,-335000000.0,-8983000000.0,-8983000000.0,-2000000000.0,-2000000000.0,,-3516000000.0,-218000000.0,-3298000000.0,-3298000000.0,0.0,-15783000000.0,-15783000000.0,-192000000.0,6682000000.0,45462000000.0,-38780000000.0,-22997000000.0,-22997000000.0,-3236000000.0,-3236000000.0,29267000000.0,29267000000.0,-5639000000.0,-545000000.0,-1449000000.0,-4506000000.0,1191000000.0,1191000000.0,1191000000.0,-591000000.0,261000000.0,261000000.0,-400000000.0,872000000.0,-3764000000.0,-3764000000.0,5064000000.0,5064000000.0,31401000000.0,-165000000.0,3891000000.0,,,,1733000000.0,,,,,,,,0.0,,,-4109000000.0,,,,,,0.0,0.0,3960000000.0,0.0,,,,,,,,,,,,
PFE,2021-12-31,,0.0,,,,,,,,,,,,,,,0.0,0.0,,,,,,,,,-306000000.0,,,,,,,,,,,,,,,,,,,,,,,,,,,,,,,,,,,,,,,,,,,,,,,,,0.0,-12000000.0,0.0,-343000000.0,0.0,,,,,,,,,,,
JNJ,2025-12-31,19313000000.0,-5953000000.0,-14087000000.0,23724000000.0,0.0,-5217000000.0,1977000000.0,6539000000.0,19709000000.0,24105000000.0,-4597000000.0,-5539000000.0,-5539000000.0,-260000000.0,-12381000000.0,-12381000000.0,-5953000000.0,-5953000000.0,0.0,9637000000.0,2256000000.0,7381000000.0,-1757000000.0,9138000000.0,-23588000000.0,-23588000000.0,-1571000000.0,741000000.0,1661000000.0,-920000000.0,-17541000000.0,-17541000000.0,-4832000000.0,-4832000000.0,24530000000.0,24530000000.0,-12718000000.0,,-5697000000.0,-6167000000.0,2377000000.0,,,-1450000000.0,-1781000000.0,-1781000000.0,109000000.0,1354000000.0,1538000000.0,1538000000.0,7503000000.0,7503000000.0,26804000000.0,201000000.0,14586000000.0,,,,204000000.0,,-263000000.0,,3418000000.0,,,,,,,-12330000000.0,,-263000000.0,,,,,,,,,-385000000.0,-385000000.0,-1000000.0,,,,,,,,
JNJ,2024-12-31,18059000000.0,-2432000000.0,-11886000000.0,21937000000.0,0.0,-6207000000.0,1990000000.0,6714000000.0,24105000000.0,21859000000.0,2535000000.0,-3132000000.0,-3132000000.0,234000000.0,-11823000000.0,-11823000000.0,-2432000000.0,-2432000000.0,0.0,10051000000.0,5814000000.0,4237000000.0,-2423000000.0,6660000000.0,-18599000000.0,-18599000000.0,2018000000.0,736000000.0,2462000000.0,-1726000000.0,-15146000000.0,-15146000000.0,-4424000000.0,-4424000000.0,24266000000.0,24266000000.0,1837000000.0,,33000000.0,1717000000.0,1621000000.0,,,-1128000000.0,-406000000.0,-406000000.0,1841000000.0,1176000000.0,-2183000000.0,-2183000000.0,7339000000.0,7339000000.0,14066000000.0,-289000000.0,15277000000.0,,,,405000000.0,,-226000000.0,,838000000.0,,,,,,,-9463000000.0,,-226000000.0,,,,,,,,,-1783000000.0,-1783000000.0,11000000.0,,,,,,,,
JNJ,2023-12-31,17778000000.0,-5054000000.0,-24524000000.0,21790000000.0,4241000000.0,-5013000000.0,1836000000.0,8574000000.0,21859000000.0,14127000000.0,7844000000.0,-15825000000.0,-15825000000.0,-1602000000.0,-11770000000.0,-11770000000.0,-813000000.0,-5054000000.0,4241000000.0,-2734000000.0,-1183000000.0,-1551000000.0,-1551000000.0,0.0,878000000.0,878000000.0,-2593000000.0,8484000000.0,19390000000.0,-10906000000.0,0.0,0.0,-4543000000.0,-4543000000.0,22791000000.0,22791000000.0,2507000000.0,,5588000000.0,-3480000000.0,2346000000.0,,,-1323000000.0,-624000000.0,-624000000.0,483000000.0,1162000000.0,-4194000000.0,-4194000000.0,7486000000.0,7486000000.0,35153000000.0,-112000000.0,21790000000.0,,,,1295000000.0,,-21101000000.0,,1094000000.0,,,,,,,-22973000000.0,,-21101000000.0,,,,,,,,,-470000000.0,-470000000.0,0.0,,,,,,,,
JNJ,2022-12-31,17185000000.0,-6035000000.0,-8684000000.0,16136000000.0,0.0,-4009000000.0,982000000.0,5223000000.0,14127000000.0,14487000000.0,-48000000.0,-8871000000.0,-8871000000.0,65000000.0,-11682000000.0,-11682000000.0,-6035000000.0,-6035000000.0,0.0,7452000000.0,9584000000.0,-2132000000.0,-2134000000.0,2000000.0,-12371000000.0,-12371000000.0,65000000.0,9225000000.0,41609000000.0,-32384000000.0,-17652000000.0,-17652000000.0,-4009000000.0,-4009000000.0,21194000000.0,21194000000.0,-4011000000.0,,-1979000000.0,687000000.0,1098000000.0,,,-2527000000.0,-1290000000.0,-1290000000.0,,1138000000.0,-1663000000.0,-1663000000.0,6970000000.0,6970000000.0,17941000000.0,-312000000.0,16134000000.0,,,,1216000000.0,,-380000000.0,,1329000000.0,,,,,,,-6550000000.0,,-380000000.0,,,,,,,,,0.0,0.0,-17000000.0,,,,,,,,
MRK,2025-12-31,12360000000.0,-5084000000.0,-2503000000.0,13880000000.0,,-4112000000.0,,,14690000000.0,13318000000.0,809000000.0,-1922000000.0,-1922000000.0,-131000000.0,-8176000000.0,-8176000000.0,-5084000000.0,-5084000000.0,,11377000000.0,,11377000000.0,-2503000000.0,13880000000.0,-13741000000.0,-13741000000.0,-58000000.0,471000000.0,1678000000.0,-1207000000.0,-10042000000.0,-10042000000.0,,,16472000000.0,16472000000.0,-6976000000.0,-3307000000.0,195000000.0,,-1594000000.0,247000000.0,110000000.0,-1180000000.0,-1090000000.0,-1090000000.0,511000000.0,820000000.0,-1671000000.0,-1671000000.0,5838000000.0,5838000000.0,18263000000.0,563000000.0,,137000000.0,137000000.0,,55000000.0,3045000000.0,-368000000.0,-368000000.0,92000000.0,-1841000000.0,2793000000.0,2793000000.0,,,,,-4112000000.0,,,,,,,,,,,,,,,,,,,,
MRK,2024-12-31,18096000000.0,-1306000000.0,-1290000000.0,3599000000.0,,-3372000000.0,,,13318000000.0,6909000000.0,6702000000.0,-7032000000.0,-7032000000.0,-372000000.0,-7840000000.0,-7840000000.0,-1306000000.0,-1306000000.0,,2309000000.0,,2309000000.0,-1290000000.0,3599000000.0,-7734000000.0,-7734000000.0,-127000000.0,-142000000.0,377000000.0,-519000000.0,-4093000000.0,-4093000000.0,,,21468000000.0,21468000000.0,-3667000000.0,-1416000000.0,-49000000.0,,-1123000000.0,1205000000.0,182000000.0,-835000000.0,-244000000.0,-244000000.0,3966000000.0,761000000.0,-1249000000.0,-1249000000.0,4499000000.0,4499000000.0,17133000000.0,-293000000.0,,1023000000.0,1023000000.0,,39000000.0,2104000000.0,-14000000.0,-14000000.0,177000000.0,-2328000000.0,2395000000.0,2395000000.0,,,,,-3372000000.0,,,,,,,,,,,,,,,,,,,,
MRK,2023-12-31,9143000000.0,-1346000000.0,-1755000000.0,5939000000.0,,-3863000000.0,,,6909000000.0,12773000000.0,-5887000000.0,-4810000000.0,-4810000000.0,-328000000.0,-7445000000.0,-7445000000.0,-1346000000.0,-1346000000.0,,4184000000.0,0.0,4184000000.0,-1755000000.0,5939000000.0,-14083000000.0,-14083000000.0,-36000000.0,1848000000.0,2803000000.0,-955000000.0,-12032000000.0,-12032000000.0,,,13006000000.0,13006000000.0,-2205000000.0,-2314000000.0,456000000.0,,1617000000.0,-166000000.0,-380000000.0,-816000000.0,-1148000000.0,-1148000000.0,11764000000.0,645000000.0,-1899000000.0,-1899000000.0,3872000000.0,3872000000.0,377000000.0,23000000.0,,214000000.0,214000000.0,,792000000.0,1828000000.0,-340000000.0,-340000000.0,125000000.0,1783000000.0,2044000000.0,2044000000.0,,,,,-3863000000.0,,,,,0.0,0.0,,0.0,-340000000.0,,,,,,,,,,,
MRK,2022-12-31,14707000000.0,0.0,-2251000000.0,0.0,,-4388000000.0,,,12773000000.0,8167000000.0,5016000000.0,-9119000000.0,-9119000000.0,-240000000.0,-7012000000.0,-7012000000.0,0.0,0.0,,-2251000000.0,0.0,-2251000000.0,-2251000000.0,0.0,-4960000000.0,-4960000000.0,-89000000.0,-483000000.0,721000000.0,-1204000000.0,0.0,0.0,,,19095000000.0,19095000000.0,-2782000000.0,-1473000000.0,-545000000.0,,41000000.0,91000000.0,-289000000.0,-161000000.0,-644000000.0,-644000000.0,1301000000.0,541000000.0,-1568000000.0,-1568000000.0,3909000000.0,3909000000.0,14526000000.0,-410000000.0,,380000000.0,380000000.0,,1749000000.0,1824000000.0,1419000000.0,1419000000.0,384000000.0,-50000000.0,2085000000.0,2085000000.0,,,,,-4388000000.0,,,,,0.0,0.0,,0.0,1419000000.0,,,,0.0,,,,,,,
MRK,2021-12-31,,,,,,,,,,,,,,,,,,,,,-3986000000.0,,,,,,,,,,,,,,,,,,,,,,,,,,,,,,,,,,,,,,,,,,,,,,,,,,,,,,,-504000000.0,-134000000.0,,987000000.0,-1940000000.0,,,,0.0,,,,,,,
XOM,2025-12-31,23612000000.0,-20273000000.0,-6512000000.0,6565000000.0,,-28358000000.0,1752000000.0,11563000000.0,10681000000.0,23187000000.0,-13038000000.0,-39081000000.0,-39081000000.0,-1630000000.0,-17231000000.0,-17231000000.0,-20273000000.0,-20273000000.0,,53000000.0,-1150000000.0,1203000000.0,-1108000000.0,2311000000.0,-25927000000.0,-25927000000.0,6564000000.0,-4133000000.0,,-4133000000.0,0.0,,-28358000000.0,-28358000000.0,51970000000.0,51970000000.0,-7728000000.0,,,-164000000.0,-222000000.0,-222000000.0,,-4300000000.0,-3042000000.0,,1664000000.0,,765000000.0,765000000.0,25993000000.0,,29764000000.0,532000000.0,4254000000.0,,,,,,-64000000.0,,,,,,0.0,,,-5404000000.0,,,,,,,,,,,,,-1430000000.0,,3006000000.0,,-64000000.0,,,,
XOM,2024-12-31,30716000000.0,-19629000000.0,-5911000000.0,899000000.0,,-24306000000.0,1900000000.0,13293000000.0,23187000000.0,31568000000.0,-7705000000.0,-42789000000.0,-42789000000.0,-1444000000.0,-16704000000.0,-16704000000.0,-19629000000.0,-19629000000.0,,-5012000000.0,-4761000000.0,-251000000.0,-1150000000.0,899000000.0,-19938000000.0,-19938000000.0,6913000000.0,-3299000000.0,,-3299000000.0,754000000.0,,-24306000000.0,-24306000000.0,55022000000.0,55022000000.0,-1826000000.0,,,389000000.0,5627000000.0,5627000000.0,,-1812000000.0,-6030000000.0,,1087000000.0,,-865000000.0,-865000000.0,23442000000.0,,35063000000.0,-676000000.0,0.0,,,,,,-358000000.0,,,,,,754000000.0,,,-4761000000.0,,,,,,,,,,,,,-1712000000.0,,191000000.0,,-358000000.0,,,,
XOM,2023-12-31,33450000000.0,-17748000000.0,-1178000000.0,939000000.0,,-21919000000.0,1736000000.0,15473000000.0,31568000000.0,29665000000.0,1798000000.0,-34297000000.0,-34297000000.0,-1369000000.0,-14941000000.0,-14941000000.0,-17748000000.0,-17748000000.0,,-239000000.0,-1163000000.0,924000000.0,-15000000.0,939000000.0,-19274000000.0,-19274000000.0,5640000000.0,-2995000000.0,,-2995000000.0,0.0,,-21919000000.0,-21919000000.0,55369000000.0,55369000000.0,-4255000000.0,,,-426000000.0,-4727000000.0,-4727000000.0,,-3472000000.0,4370000000.0,,1897000000.0,,634000000.0,634000000.0,20641000000.0,,37354000000.0,105000000.0,0.0,,,,,,90000000.0,,,,,,0.0,,,-1163000000.0,,,,,,,,,,,,,-1501000000.0,,509000000.0,,90000000.0,,,,
XOM,2022-12-31,58390000000.0,-15155000000.0,-8080000000.0,860000000.0,,-18407000000.0,1504000000.0,15364000000.0,29665000000.0,6802000000.0,22941000000.0,-39114000000.0,-39114000000.0,-1800000000.0,-14939000000.0,-14939000000.0,-15155000000.0,-15155000000.0,,-7220000000.0,-7852000000.0,632000000.0,-5000000.0,637000000.0,-14742000000.0,-14742000000.0,6755000000.0,-3090000000.0,,-3090000000.0,0.0,,-18407000000.0,-18407000000.0,76797000000.0,76797000000.0,-194000000.0,,,-688000000.0,18460000000.0,18460000000.0,,-6947000000.0,-11019000000.0,,-1025000000.0,,3758000000.0,3758000000.0,24040000000.0,,57577000000.0,-78000000.0,223000000.0,,,,,,-2981000000.0,,,,,,0.0,,,-8075000000.0,,,,,,,,,,,,,-1932000000.0,,-2446000000.0,-2446000000.0,-2981000000.0,,,,
XOM,2021-12-31,,,,,,,,,,,,,,,,,,,,,,,,,,,,,,,,,,,,,,,,,,,,,,,,,,,,,,,,,,,,,,,,,,,,,,,,,,,,,,,,,,,,,,-668000000.0,,,,,
CVX,2025-12-31,16592000000.0,-12079000000.0,-14352000000.0,20218000000.0,,-17347000000.0,942000000.0,7304000000.0,7285000000.0,8262000000.0,-1035000000.0,-19063000000.0,-19063000000.0,-469000000.0,-12751000000.0,-12751000000.0,-12079000000.0,-12079000000.0,,5866000000.0,-1061000000.0,6927000000.0,-4475000000.0,11402000000.0,-15911000000.0,-15911000000.0,2455000000.0,1000000.0,17000000.0,-16000000.0,-1020000000.0,-2225000000.0,,,33939000000.0,33939000000.0,-1648000000.0,-508000000.0,,,-4779000000.0,-4779000000.0,-3469000000.0,51000000.0,3697000000.0,3829000000.0,-1208000000.0,,986000000.0,986000000.0,20457000000.0,20132000000.0,12485000000.0,58000000.0,8816000000.0,-1310000000.0,-1310000000.0,,,20132000000.0,-2415000000.0,,370000000.0,,,,1205000000.0,,-109000000.0,-9877000000.0,-17347000000.0,,,,,,,,,-3000000000.0,,,,,5282000000.0,,,325000000.0,585000000.0,,
CVX,2024-12-31,15044000000.0,-15229000000.0,-2618000000.0,6186000000.0,,-16448000000.0,587000000.0,8458000000.0,8262000000.0,9275000000.0,-916000000.0,-23472000000.0,-23472000000.0,-340000000.0,-11801000000.0,-11801000000.0,-15229000000.0,-15229000000.0,,3568000000.0,4868000000.0,-1300000000.0,-1778000000.0,478000000.0,-8936000000.0,-8936000000.0,7276000000.0,41000000.0,47000000.0,-6000000.0,195000000.0,0.0,,,31492000000.0,31492000000.0,100000000.0,-1225000000.0,,,2733000000.0,2733000000.0,2569000000.0,-574000000.0,-818000000.0,-932000000.0,-4313000000.0,,1240000000.0,1240000000.0,17711000000.0,17282000000.0,17749000000.0,-97000000.0,5708000000.0,164000000.0,164000000.0,,500000000.0,17282000000.0,-5225000000.0,,330000000.0,,,,195000000.0,,-16000000.0,-840000000.0,-16448000000.0,,,,,,,,,-4596000000.0,,,,,4230000000.0,,,429000000.0,-629000000.0,,
CVX,2023-12-31,19780000000.0,-14939000000.0,-4340000000.0,285000000.0,,-15829000000.0,465000000.0,10416000000.0,9275000000.0,19121000000.0,-9732000000.0,-30109000000.0,-30109000000.0,-40000000.0,-11336000000.0,-11336000000.0,-14939000000.0,-14939000000.0,,-4055000000.0,135000000.0,-4190000000.0,-4340000000.0,150000000.0,-15232000000.0,-15232000000.0,144000000.0,175000000.0,464000000.0,-289000000.0,278000000.0,0.0,,,35609000000.0,35609000000.0,-3335000000.0,-300000000.0,,,-2850000000.0,-2850000000.0,-49000000.0,-320000000.0,1337000000.0,1187000000.0,-220000000.0,,298000000.0,298000000.0,17762000000.0,17326000000.0,21411000000.0,-114000000.0,135000000.0,-2801000000.0,-2801000000.0,,2180000000.0,17326000000.0,-4553000000.0,,261000000.0,,,,278000000.0,,-1202000000.0,0.0,-15829000000.0,,,,,,,,,-5131000000.0,,,,,4246000000.0,,,436000000.0,578000000.0,,
CVX,2022-12-31,37628000000.0,-11255000000.0,-8742000000.0,263000000.0,,-11974000000.0,525000000.0,9148000000.0,19121000000.0,6795000000.0,12516000000.0,-24978000000.0,-24978000000.0,-114000000.0,-10968000000.0,-10968000000.0,-11255000000.0,-11255000000.0,,-8479000000.0,263000000.0,-8742000000.0,-8742000000.0,0.0,-12108000000.0,-12108000000.0,1411000000.0,117000000.0,124000000.0,-7000000.0,-1662000000.0,-2862000000.0,,,49602000000.0,49602000000.0,2066000000.0,-212000000.0,,,5598000000.0,5598000000.0,2750000000.0,-930000000.0,-2164000000.0,-2317000000.0,-1299000000.0,,2124000000.0,2124000000.0,15295000000.0,14809000000.0,35608000000.0,-190000000.0,263000000.0,2848000000.0,2848000000.0,,950000000.0,14809000000.0,-8997000000.0,3855000000.0,5838000000.0,,,,1200000000.0,,-226000000.0,0.0,-11974000000.0,,,,,,,,,-8585000000.0,,,,,3855000000.0,,,486000000.0,-412000000.0,,
CVX,2021-12-31,,,,,,,,,,,,,,,,,,,,,,,,,,,,,,,,,,,,,,,,,,,,,,,,,,,,,,,,,,,414000000.0,,,3659000000.0,,,,,,,,,,,,,,,,,,,,,,,,,,,,,
PG,2025-06-30,14044000000.0,-6500000000.0,-9627000000.0,10257000000.0,,-3773000000.0,896000000.0,4554000000.0,9556000000.0,9482000000.0,-38000000.0,-14036000000.0,-14035000000.0,-1000000.0,-9872000000.0,,-6500000000.0,-6500000000.0,,630000000.0,370000000.0,260000000.0,-1977000000.0,2237000000.0,-3818000000.0,-3818000000.0,-34000000.0,,,,-11000000.0,-11000000.0,,,17817000000.0,17818000000.0,-821000000.0,,,,-542000000.0,-542000000.0,-542000000.0,-324000000.0,45000000.0,45000000.0,-1654000000.0,476000000.0,149000000.0,149000000.0,2847000000.0,2847000000.0,16065000000.0,112000000.0,8020000000.0,,,,0.0,,755000000.0,,1707000000.0,,,,,,,-7650000000.0,-3773000000.0,,,,,,,,,,,,,,,,,,,,
PG,2024-06-30,16524000000.0,-5006000000.0,-10024000000.0,7582000000.0,,-3322000000.0,878000000.0,4363000000.0,9482000000.0,8246000000.0,1487000000.0,-14855000000.0,-14855000000.0,,-9312000000.0,,-5006000000.0,-5006000000.0,,-2442000000.0,-3304000000.0,862000000.0,-2335000000.0,3197000000.0,-3504000000.0,-3504000000.0,-161000000.0,,,,-21000000.0,-21000000.0,,,19846000000.0,19847000000.0,42000000.0,-1414000000.0,,,878000000.0,878000000.0,878000000.0,-70000000.0,-766000000.0,-766000000.0,490000000.0,562000000.0,-244000000.0,-244000000.0,2896000000.0,2896000000.0,14974000000.0,-251000000.0,4385000000.0,,,,1341000000.0,,-215000000.0,,1905000000.0,,,,,,,-7689000000.0,-3322000000.0,,,,,,,,,,,,,,,,,,,,
PG,2023-06-30,13786000000.0,-7353000000.0,-18228000000.0,21165000000.0,,-3062000000.0,721000000.0,4278000000.0,8246000000.0,7214000000.0,1202000000.0,-12146000000.0,-12146000000.0,,-8999000000.0,,-7353000000.0,-7353000000.0,,2937000000.0,818000000.0,2119000000.0,-1878000000.0,3997000000.0,-3500000000.0,-3500000000.0,327000000.0,,,,-765000000.0,-765000000.0,,,16848000000.0,16848000000.0,-873000000.0,-1107000000.0,,,-447000000.0,-447000000.0,-447000000.0,-119000000.0,-307000000.0,-307000000.0,217000000.0,545000000.0,-453000000.0,-453000000.0,2714000000.0,2714000000.0,14738000000.0,-170000000.0,17168000000.0,,,,0.0,,-40000000.0,,1269000000.0,,,,,,,-16350000000.0,-3062000000.0,,,,,,,,,,,,,,,,,,,,
PG,2022-06-30,13567000000.0,-10003000000.0,-13821000000.0,15713000000.0,,-3156000000.0,451000000.0,3818000000.0,7214000000.0,10288000000.0,-2577000000.0,-14876000000.0,-14876000000.0,,-8770000000.0,,-10003000000.0,-10003000000.0,,1892000000.0,-150000000.0,2042000000.0,-2343000000.0,4385000000.0,-4424000000.0,-4424000000.0,113000000.0,3000000.0,3000000.0,0.0,-1381000000.0,-1381000000.0,,,16723000000.0,16723000000.0,-1147000000.0,-635000000.0,,,1429000000.0,1429000000.0,1429000000.0,-1247000000.0,-694000000.0,-694000000.0,229000000.0,528000000.0,-402000000.0,-402000000.0,2807000000.0,2807000000.0,14793000000.0,-497000000.0,11328000000.0,,,,0.0,,-85000000.0,,2005000000.0,,,,,,,-11478000000.0,-3156000000.0,,,,,,,,,,,,,,,,,,,,
PG,2021-06-30,,,,,,,,,,,,,,,,,,,,,,,,,,,,-55000000.0,0.0,-55000000.0,,,,,,,,-369000000.0,,,,,,,,,,,,,,,,,,,,,,,,,,,,,,,,,,,,,,,,,,,,,,,,,,,,,
KO,2025-12-31,5296000000.0,-746000000.0,-4967000000.0,4980000000.0,313000000.0,-2112000000.0,,,11010000000.0,11488000000.0,-799000000.0,-8140000000.0,-8140000000.0,1059000000.0,-8779000000.0,-8779000000.0,-433000000.0,-746000000.0,313000000.0,13000000.0,,13000000.0,-4967000000.0,4980000000.0,-67000000.0,-67000000.0,421000000.0,-1495000000.0,4665000000.0,-6160000000.0,3106000000.0,-461000000.0,-2099000000.0,-2112000000.0,7408000000.0,7408000000.0,-7208000000.0,,170000000.0,,-7170000000.0,-7170000000.0,-6612000000.0,-154000000.0,334000000.0,334000000.0,480000000.0,279000000.0,517000000.0,517000000.0,1050000000.0,1050000000.0,13137000000.0,321000000.0,,-558000000.0,-558000000.0,,,,-847000000.0,,,,,,3567000000.0,13000000.0,-388000000.0,,,,,,,,,,,-1038000000.0,,,,,,,,,191000000.0,,
KO,2024-12-31,4741000000.0,-1795000000.0,-9533000000.0,12061000000.0,747000000.0,-2064000000.0,,,11488000000.0,9692000000.0,2419000000.0,-6910000000.0,-6910000000.0,-31000000.0,-8359000000.0,-8359000000.0,-1048000000.0,-1795000000.0,747000000.0,2528000000.0,,2528000000.0,-9533000000.0,12061000000.0,2524000000.0,2524000000.0,429000000.0,949000000.0,6589000000.0,-5640000000.0,3170000000.0,-315000000.0,-2024000000.0,-2064000000.0,6805000000.0,6805000000.0,-6234000000.0,,-63000000.0,,311000000.0,311000000.0,1134000000.0,-520000000.0,-295000000.0,-295000000.0,1952000000.0,286000000.0,-11000000.0,-11000000.0,1075000000.0,1075000000.0,10649000000.0,-623000000.0,,-823000000.0,-823000000.0,,,,-912000000.0,,,,,,3485000000.0,40000000.0,-5667000000.0,,,,,,,,,,,-802000000.0,,,,,,,,,-110000000.0,,
KO,2023-12-31,9747000000.0,-2289000000.0,-5034000000.0,6891000000.0,539000000.0,-1852000000.0,,,9692000000.0,9825000000.0,-60000000.0,-8310000000.0,-8310000000.0,-465000000.0,-7952000000.0,-7952000000.0,-1750000000.0,-2289000000.0,539000000.0,1857000000.0,,1857000000.0,-5034000000.0,6891000000.0,-3349000000.0,-3349000000.0,405000000.0,-2344000000.0,4354000000.0,-6698000000.0,368000000.0,-62000000.0,-1778000000.0,-1852000000.0,11599000000.0,11599000000.0,-846000000.0,,-187000000.0,,263000000.0,263000000.0,841000000.0,-597000000.0,-2000000.0,-2000000.0,1206000000.0,254000000.0,-2000000.0,-2000000.0,1128000000.0,1128000000.0,10703000000.0,-73000000.0,,-578000000.0,-578000000.0,,,,-844000000.0,,,,,,430000000.0,74000000.0,-323000000.0,,,,,,,,,,,-1019000000.0,,,,,,,,,175000000.0,,
KO,2022-12-31,9534000000.0,-1418000000.0,-4930000000.0,3972000000.0,837000000.0,-1484000000.0,,,9825000000.0,10025000000.0,5000000.0,-10250000000.0,-10250000000.0,-1095000000.0,-7616000000.0,-7616000000.0,-581000000.0,-1418000000.0,837000000.0,-958000000.0,,-958000000.0,-4930000000.0,3972000000.0,-763000000.0,-763000000.0,-759000000.0,1020000000.0,4771000000.0,-3751000000.0,385000000.0,-73000000.0,-1409000000.0,-1484000000.0,11018000000.0,11018000000.0,-605000000.0,,-200000000.0,,399000000.0,399000000.0,759000000.0,-960000000.0,-69000000.0,-69000000.0,1193000000.0,356000000.0,-122000000.0,-122000000.0,1260000000.0,1260000000.0,9571000000.0,-205000000.0,,-360000000.0,-360000000.0,,,,-635000000.0,,,,,,458000000.0,75000000.0,225000000.0,,,,,,,,,,,-838000000.0,,,,,,,,,203000000.0,,
MCD,2024-12-31,6672000000.0,-2824000000.0,-2777000000.0,2380000000.0,,-2775000000.0,1523000000.0,2974000000.0,1085000000.0,4579000000.0,-3393000000.0,-7495000000.0,-7493000000.0,-58000000.0,-4870000000.0,-4870000000.0,-2824000000.0,-2824000000.0,,-71000000.0,326000000.0,-397000000.0,-2777000000.0,2380000000.0,-5346000000.0,-5346000000.0,-498000000.0,,,,-2195000000.0,-2506000000.0,122000000.0,,9447000000.0,9446000000.0,-438000000.0,,,,-519000000.0,-302000000.0,-10000000.0,71000000.0,10000000.0,10000000.0,4000000.0,172000000.0,-574000000.0,-574000000.0,2097000000.0,2097000000.0,8223000000.0,-101000000.0,,-292000000.0,-292000000.0,,,,-37000000.0,,328000000.0,-217000000.0,,,311000000.0,122000000.0,,,-2775000000.0,-37000000.0,,,,,,,,,,,,,,,,,,,
MCD,2023-12-31,7255000000.0,-3054000000.0,-2441000000.0,5221000000.0,,-2357000000.0,1287000000.0,2993000000.0,4579000000.0,2584000000.0,2053000000.0,-4374000000.0,-4374000000.0,-40000000.0,-4533000000.0,-4533000000.0,-3054000000.0,-3054000000.0,,2993000000.0,213000000.0,2780000000.0,-2441000000.0,5221000000.0,-3185000000.0,-3184000000.0,-677000000.0,,,,-246000000.0,-441000000.0,95000000.0,,9612000000.0,9612000000.0,-108000000.0,-220300000.0,,,36000000.0,-170000000.0,50000000.0,17000000.0,-161000000.0,-161000000.0,-113000000.0,175000000.0,-686000000.0,-686000000.0,1978000000.0,1978000000.0,8469000000.0,-58000000.0,,-220000000.0,-220000000.0,,,,-103000000.0,,260000000.0,206000000.0,,,195000000.0,95000000.0,,,-2357000000.0,-103000000.0,,,,,,,,,,,,,,,,,,,
MCD,2022-12-31,5488000000.0,-3896000000.0,-2202000000.0,3374000000.0,,-1899000000.0,1184000000.0,3024000000.0,2584000000.0,4709000000.0,-1871000000.0,-6580000000.0,-6580000000.0,38000000.0,-4168000000.0,-4168000000.0,-3896000000.0,-3896000000.0,,1198000000.0,26000000.0,1172000000.0,-2202000000.0,3374000000.0,-2678000000.0,-2678000000.0,-457000000.0,,,,-361000000.0,-807000000.0,39000000.0,,7387000000.0,7387000000.0,-645000000.0,-546700000.0,,,-387000000.0,-516000000.0,31000000.0,6000000.0,-264000000.0,-264000000.0,-570000000.0,167000000.0,-346000000.0,-346000000.0,1871000000.0,1871000000.0,6177000000.0,-254000000.0,,-547000000.0,-547000000.0,,,,733000000.0,,248000000.0,129000000.0,,,446000000.0,39000000.0,,,-1899000000.0,733000000.0,,,,,,,,,,,,,,,,,,,
MCD,2021-12-31,7101500000.0,-845500000.0,-2240000000.0,1154400000.0,,-2040000000.0,1197300000.0,2403900000.0,4709200000.0,3449100000.0,1380200000.0,-5595600000.0,-5595600000.0,-46700000.0,-3918600000.0,-3918600000.0,-845500000.0,-845500000.0,,-1070500000.0,15100000.0,-1085600000.0,-2240000000.0,1154400000.0,-2165700000.0,-2165700000.0,-53900000.0,,,,-178000000.0,-374200000.0,106200000.0,,9141500000.0,9141500000.0,454200000.0,-302500000.0,,,206500000.0,-77500000.0,225000000.0,-62200000.0,309900000.0,309900000.0,-339100000.0,139200000.0,-428300000.0,-428300000.0,1868100000.0,1868100000.0,7545200000.0,-120100000.0,,-302500000.0,-302500000.0,,,,-97800000.0,,285700000.0,284000000.0,,,196200000.0,106200000.0,,,-2040000000.0,-97800000.0,,,,,,,,,,,,,,,,,,,
TSLA,2025-12-31,6220000000.0,,-5650000000.0,5586000000.0,,-8527000000.0,292000000.0,,17616000000.0,17037000000.0,408000000.0,1139000000.0,1139000000.0,17000000.0,,,,,,-64000000.0,,-64000000.0,-5650000000.0,5586000000.0,-15478000000.0,-15478000000.0,,-6951000000.0,30158000000.0,-37109000000.0,0.0,0.0,-8527000000.0,-8527000000.0,14747000000.0,14747000000.0,642000000.0,363000000.0,,-25000000.0,4376000000.0,4376000000.0,4376000000.0,-630000000.0,-261000000.0,-261000000.0,272000000.0,2825000000.0,123000000.0,123000000.0,6148000000.0,6148000000.0,3855000000.0,171000000.0,,,,,362000000.0,6148000000.0,520000000.0,,1186000000.0,,,,,,-3181000000.0,,,,,,,,,,,,,,,,,,,,452000000.0,,68000000.0
TSLA,2024-12-31,3581000000.0,,-2881000000.0,5744000000.0,,-11342000000.0,277000000.0,1331000000.0,17037000000.0,17189000000.0,-11000000.0,3853000000.0,3853000000.0,-251000000.0,,,,,,2863000000.0,,2863000000.0,-2881000000.0,5744000000.0,-18787000000.0,-18787000000.0,,-7445000000.0,28510000000.0,-35955000000.0,0.0,0.0,-11342000000.0,-11342000000.0,14923000000.0,14923000000.0,81000000.0,502000000.0,,-590000000.0,3588000000.0,3588000000.0,3588000000.0,937000000.0,-1083000000.0,-1083000000.0,172000000.0,1999000000.0,477000000.0,477000000.0,5368000000.0,5368000000.0,7153000000.0,-141000000.0,,,,,335000000.0,5368000000.0,-662000000.0,,1241000000.0,,,,,,-3273000000.0,,,,,,,,,,,,0.0,0.0,,,,,,,-73000000.0,0.0,-589000000.0
TSLA,2023-12-31,4357000000.0,,-1815000000.0,3931000000.0,,-8899000000.0,126000000.0,1119000000.0,17189000000.0,16924000000.0,261000000.0,2589000000.0,2589000000.0,-227000000.0,,,,,,2116000000.0,,2116000000.0,-1815000000.0,3931000000.0,-15584000000.0,-15584000000.0,,-6621000000.0,12491000000.0,-19112000000.0,-64000000.0,-64000000.0,-8899000000.0,-8899000000.0,13256000000.0,13256000000.0,-2248000000.0,1532000000.0,,-1952000000.0,2605000000.0,2605000000.0,2605000000.0,-1195000000.0,-586000000.0,-586000000.0,81000000.0,1812000000.0,-6349000000.0,-6349000000.0,4667000000.0,4667000000.0,14974000000.0,4000000.0,,,,,463000000.0,4667000000.0,-144000000.0,,700000000.0,,,,,,-2652000000.0,,,,,,,,,,,,0.0,0.0,,,,,,,-144000000.0,0.0,0.0
TSLA,2022-12-31,7552000000.0,,-3866000000.0,0.0,0.0,-7172000000.0,152000000.0,1203000000.0,16924000000.0,18144000000.0,-776000000.0,-3527000000.0,-3527000000.0,-202000000.0,,,0.0,,0.0,-3866000000.0,,-3866000000.0,-3866000000.0,0.0,-11973000000.0,-11973000000.0,76000000.0,-5813000000.0,22000000.0,-5835000000.0,0.0,0.0,-7163000000.0,-7163000000.0,14724000000.0,14724000000.0,-3712000000.0,1131000000.0,1904000000.0,-1570000000.0,8029000000.0,8029000000.0,8029000000.0,-6465000000.0,-1124000000.0,-1124000000.0,340000000.0,1560000000.0,-196000000.0,-196000000.0,3747000000.0,3747000000.0,12587000000.0,-444000000.0,,,,,177000000.0,3747000000.0,221000000.0,,541000000.0,,,,0.0,,-3713000000.0,,,,,,,,,,,,927000000.0,-9000000.0,,,,,,,81000000.0,936000000.0,140000000.0
TSLA,2021-12-31,,,,,0.0,,,561000000.0,,,,,,,,,0.0,,0.0,,,,,,,,6000000.0,,,,,,,,,,,,476000000.0,,,,,,,,,,,,,,,,,,,,,,,,,,,,0.0,,,,,,,,,,,,,,-1228000000.0,-1500000000.0,,,,,,,,272000000.0,
F,2025-12-31,12467000000.0,0.0,-50303000000.0,49688000000.0,,-8815000000.0,,,23750000000.0,23190000000.0,28000000.0,-3205000000.0,-3205000000.0,-255000000.0,-2989000000.0,-2989000000.0,0.0,0.0,,39000000.0,654000000.0,-615000000.0,-50303000000.0,49688000000.0,-18049000000.0,-18049000000.0,-9927000000.0,163000000.0,10063000000.0,-9900000000.0,530000000.0,-1172000000.0,,,21282000000.0,21282000000.0,12843000000.0,,,,10103000000.0,,,539000000.0,2201000000.0,2201000000.0,380000000.0,510000000.0,-4536000000.0,-4536000000.0,14135000000.0,14135000000.0,-8162000000.0,532000000.0,,,,,1295000000.0,15974000000.0,4201000000.0,-346000000.0,,,-1839000000.0,-1839000000.0,1702000000.0,,,,-8815000000.0,,,,,,,,,3572000000.0,,,616000000.0,,,,1062000000.0,,-87000000.0,,
F,2024-12-31,6739000000.0,-426000000.0,-45680000000.0,57312000000.0,,-8684000000.0,,,23190000000.0,25110000000.0,-1462000000.0,7485000000.0,7485000000.0,-327000000.0,-3118000000.0,-3118000000.0,-426000000.0,-426000000.0,,11356000000.0,-276000000.0,11632000000.0,-45680000000.0,57312000000.0,-24370000000.0,-24370000000.0,-14606000000.0,-222000000.0,12346000000.0,-12568000000.0,-858000000.0,-2323000000.0,,,15423000000.0,15423000000.0,1656000000.0,,,,8425000000.0,,,27000000.0,-6796000000.0,-6796000000.0,439000000.0,511000000.0,350000000.0,350000000.0,5867000000.0,5867000000.0,5894000000.0,-458000000.0,,,,,0.0,7567000000.0,131000000.0,42000000.0,,,-1700000000.0,-1700000000.0,1465000000.0,,,,-8684000000.0,,,,,,,,,-287000000.0,,,575000000.0,,,,149000000.0,,227000000.0,,
F,2023-12-31,6682000000.0,-335000000.0,-41965000000.0,51659000000.0,,-8236000000.0,,,25110000000.0,25340000000.0,-126000000.0,2584000000.0,2584000000.0,-241000000.0,-4995000000.0,-4995000000.0,-335000000.0,-335000000.0,,8155000000.0,-1539000000.0,9694000000.0,-41965000000.0,51659000000.0,-17628000000.0,-17628000000.0,-10632000000.0,3972000000.0,12700000000.0,-8728000000.0,-2732000000.0,-2733000000.0,,,14918000000.0,14918000000.0,1163000000.0,,,,9829000000.0,,,-1219000000.0,-7447000000.0,-7447000000.0,664000000.0,460000000.0,-1649000000.0,-1649000000.0,6523000000.0,6523000000.0,4329000000.0,-104000000.0,,,,,0.0,7690000000.0,2990000000.0,205000000.0,,,-1167000000.0,-1167000000.0,1000000.0,,,,-8236000000.0,,,,,,,,,-33000000.0,,,438000000.0,,-33000000.0,-33000000.0,3052000000.0,,-234000000.0,,
F,2022-12-31,-13000000.0,-484000000.0,-45655000000.0,45470000000.0,,-6866000000.0,,,25340000000.0,20737000000.0,5017000000.0,2511000000.0,2511000000.0,-271000000.0,-2009000000.0,-2009000000.0,-484000000.0,-484000000.0,,5275000000.0,5460000000.0,-185000000.0,-45655000000.0,45470000000.0,-4347000000.0,-4347000000.0,1055000000.0,1753000000.0,19211000000.0,-17458000000.0,-289000000.0,-738000000.0,,,6853000000.0,6853000000.0,-7051000000.0,,,,7268000000.0,,,-2576000000.0,-11743000000.0,-11743000000.0,654000000.0,336000000.0,-1910000000.0,-1910000000.0,6493000000.0,6493000000.0,-2152000000.0,-414000000.0,,,,,32000000.0,7642000000.0,10437000000.0,7518000000.0,,,-1149000000.0,-1149000000.0,449000000.0,,,,-6866000000.0,,,,,,,,,3324000000.0,,,46000000.0,,3324000000.0,,-378000000.0,,-27000000.0,,
F,2021-12-31,,,,,,,,,,,,,,,,,,,,,,,,,,,,,,,,,,,,,,,,,,-36000000.0,-36000000.0,,,,,,,,,,,,,,,,,,,,,,,,,,,,,-368000000.0,,,,,,,,,,,,,116000000.0,,,,,,
VZ,2025-12-31,19676000000.0,,-19789000000.0,27606000000.0,,-17461000000.0,5772000000.0,3581000000.0,19499000000.0,4635000000.0,14864000000.0,-5613000000.0,-5613000000.0,-1949000000.0,-11481000000.0,-11481000000.0,,,,7817000000.0,,7817000000.0,-19789000000.0,27606000000.0,-16660000000.0,-16660000000.0,801000000.0,,,,0.0,0.0,,,37137000000.0,37137000000.0,-2320000000.0,,,,1819000000.0,1819000000.0,1819000000.0,-232000000.0,-2513000000.0,-2513000000.0,-2256000000.0,,2340000000.0,2340000000.0,18349000000.0,18349000000.0,17608000000.0,,,,,,0.0,15350000000.0,1067000000.0,,,,2999000000.0,2999000000.0,,,-1394000000.0,,-17011000000.0,,,,,,,,,42000000.0,-450000000.0,-450000000.0,2349000000.0,,,,1025000000.0,,,,
VZ,2024-12-31,18922000000.0,,-20344000000.0,15568000000.0,,-17990000000.0,5505000000.0,5632000000.0,4635000000.0,3497000000.0,1138000000.0,-17100000000.0,-17100000000.0,-1075000000.0,-11249000000.0,-11249000000.0,,,,-4776000000.0,0.0,-4776000000.0,-20344000000.0,15568000000.0,-18674000000.0,-18674000000.0,-684000000.0,-712000000.0,,,0.0,0.0,,,36912000000.0,36912000000.0,-2278000000.0,,,,1109000000.0,1109000000.0,1109000000.0,-196000000.0,-2565000000.0,-2565000000.0,173000000.0,,815000000.0,815000000.0,17892000000.0,17892000000.0,17949000000.0,,0.0,,,,0.0,15112000000.0,23000000.0,,,,2781000000.0,2781000000.0,0.0,,-626000000.0,,-17090000000.0,,,,,,,,,75000000.0,-900000000.0,-900000000.0,2338000000.0,,,,-52000000.0,,,,
VZ,2023-12-31,12912000000.0,,-10624000000.0,8612000000.0,,-24563000000.0,4384000000.0,2343000000.0,3497000000.0,4111000000.0,-614000000.0,-14657000000.0,-14657000000.0,-1620000000.0,-11025000000.0,-11025000000.0,,,,-2012000000.0,-150000000.0,-2012000000.0,-10624000000.0,8612000000.0,-23432000000.0,-23432000000.0,1161000000.0,880000000.0,,,-30000000.0,-30000000.0,,,37475000000.0,37475000000.0,-267000000.0,,,,2079000000.0,2079000000.0,2079000000.0,287000000.0,-2198000000.0,-2198000000.0,-3710000000.0,,2388000000.0,2388000000.0,17624000000.0,17624000000.0,12095000000.0,,,,,,5841000000.0,14937000000.0,1290000000.0,,,,2687000000.0,2687000000.0,0.0,,-435000000.0,-150000000.0,-18767000000.0,,,,,,,,,84000000.0,-5796000000.0,-5796000000.0,2214000000.0,,,,1206000000.0,,,,
VZ,2022-12-31,10401000000.0,,-13564000000.0,17806000000.0,,-26740000000.0,3316000000.0,2736000000.0,4111000000.0,4161000000.0,-50000000.0,-8529000000.0,-8529000000.0,-2072000000.0,-10805000000.0,-10805000000.0,,,,4348000000.0,106000000.0,4242000000.0,-13564000000.0,17806000000.0,-28662000000.0,-28662000000.0,62000000.0,-2265000000.0,,-2265000000.0,281000000.0,,,,37141000000.0,37141000000.0,-456000000.0,,,,-33000000.0,-33000000.0,-33000000.0,627000000.0,-1978000000.0,-1978000000.0,-3778000000.0,,2973000000.0,2973000000.0,17099000000.0,17099000000.0,21748000000.0,,106000000.0,,,,0.0,14592000000.0,-2056000000.0,,,,2507000000.0,2507000000.0,281000000.0,,928000000.0,,-23087000000.0,,,,,,,,,-10000000.0,-3653000000.0,-3653000000.0,1611000000.0,,,,-2046000000.0,,,,
VZ,2021-12-31,,,,,,,,,,,,,,,,,,,,,0.0,,,,,,,-21000000.0,,-21000000.0,,-4065000000.0,,,,,,,,,,,,,,,,,,,,,,,0.0,,,,,,,,,,,,4122000000.0,,,,,,,,,,,,,,,,,,,,,,,,
T,2025-12-31,19442000000.0,-6575000000.0,-5528000000.0,14027000000.0,21000000.0,-20842000000.0,,,18527000000.0,3406000000.0,15121000000.0,-6386000000.0,-6386000000.0,-151000000.0,-8180000000.0,,-4479000000.0,-4500000000.0,21000000.0,8499000000.0,0.0,8499000000.0,-5528000000.0,14027000000.0,-18777000000.0,-18777000000.0,-955000000.0,181000000.0,,,2839000000.0,-379000000.0,,,40284000000.0,40284000000.0,240000000.0,2226000000.0,,,884000000.0,,,-460000000.0,-2410000000.0,-1526000000.0,-379000000.0,,,,20886000000.0,20886000000.0,23386000000.0,,0.0,,,,838000000.0,,-6958000000.0,-5889000000.0,,,,,3218000000.0,,,0.0,-20842000000.0,,-2075000000.0,-2075000000.0,,,,0.0,,,,,2271000000.0,,,,-1069000000.0,,,,
T,2024-12-31,18508000000.0,-215000000.0,-12784000000.0,510000000.0,15000000.0,-20263000000.0,7132000000.0,2456000000.0,3406000000.0,6833000000.0,-3427000000.0,-24708000000.0,-24708000000.0,-4026000000.0,-8208000000.0,-8208000000.0,-200000000.0,-215000000.0,15000000.0,-12274000000.0,-1996000000.0,-10278000000.0,-10297000000.0,19000000.0,-17490000000.0,-17490000000.0,-425000000.0,2575000000.0,,,-305000000.0,-380000000.0,,,38771000000.0,38771000000.0,-619000000.0,1978000000.0,,,-1104000000.0,,,70000000.0,-1563000000.0,123000000.0,1260000000.0,,1570000000.0,1570000000.0,20580000000.0,20580000000.0,12253000000.0,,491000000.0,,,,5075000000.0,17345000000.0,-1747000000.0,80000000.0,,,3235000000.0,3235000000.0,75000000.0,,,-2487000000.0,-20263000000.0,,0.0,0.0,,0.0,0.0,928000000.0,0.0,,,,1969000000.0,,,,-1827000000.0,,,,
T,2023-12-31,20461000000.0,-194000000.0,-16503000000.0,15410000000.0,3000000.0,-17853000000.0,7370000000.0,1599000000.0,6833000000.0,3793000000.0,3040000000.0,-15614000000.0,-15614000000.0,-6194000000.0,-8136000000.0,-8136000000.0,-191000000.0,-194000000.0,3000000.0,-1093000000.0,947000000.0,-2040000000.0,-12044000000.0,10004000000.0,-19660000000.0,-19660000000.0,-84000000.0,-902000000.0,,,-2870000000.0,-2942000000.0,,,38314000000.0,38314000000.0,734000000.0,2618000000.0,,-642000000.0,-1574000000.0,,,747000000.0,-1057000000.0,82000000.0,535000000.0,,3037000000.0,3037000000.0,18777000000.0,18777000000.0,15623000000.0,,5406000000.0,,,,1193000000.0,18593000000.0,-517000000.0,441000000.0,,,184000000.0,184000000.0,72000000.0,,,-4459000000.0,-17853000000.0,,0.0,0.0,,0.0,0.0,2049000000.0,0.0,,,,1969000000.0,,,,-958000000.0,,,,
T,2022-12-31,12397000000.0,-890000000.0,-45193000000.0,6934000000.0,28000000.0,-19626000000.0,7772000000.0,592000000.0,3793000000.0,21316000000.0,-17523000000.0,-23741000000.0,-59564000000.0,-10584000000.0,-9859000000.0,-9859000000.0,-862000000.0,-890000000.0,28000000.0,-38259000000.0,-16120000000.0,-22139000000.0,-25118000000.0,2979000000.0,-25805000000.0,-26899000000.0,-3000000.0,82000000.0,,,-10001000000.0,-10200000000.0,,,32023000000.0,35812000000.0,-1849000000.0,-947000000.0,,-674000000.0,-1109000000.0,,,-674000000.0,881000000.0,727000000.0,-969000000.0,,2975000000.0,2975000000.0,18021000000.0,18021000000.0,-6874000000.0,,3955000000.0,,,,27498000000.0,14880000000.0,-4855000000.0,381000000.0,,,3141000000.0,3141000000.0,199000000.0,,,-20075000000.0,-19626000000.0,,0.0,-2665000000.0,0.0,35823000000.0,1094000000.0,2649000000.0,-3789000000.0,,,,1865000000.0,,,,-5236000000.0,,,,
T,2021-12-31,,,,,,,7485000000.0,252000000.0,,,,,,,,-15068000000.0,,,,,,,,,,,,,,,,,,,,,,,,-1288000000.0,,,,,,,,,7412000000.0,7412000000.0,,,,,,,,,,17634000000.0,,,,,218000000.0,218000000.0,,,,,,,,,0.0,-316000000.0,399000000.0,,4788000000.0,184000000.0,,,,,,,,,,,
WMT,2026-01-31,14923000000.0,-8088000000.0,-2625000000.0,3983000000.0,,-26642000000.0,2793000000.0,5364000000.0,11321000000.0,9536000000.0,1662000000.0,-13553000000.0,-13553000000.0,-2839000000.0,-7507000000.0,-7507000000.0,-8088000000.0,-8088000000.0,,4881000000.0,3523000000.0,1358000000.0,-2625000000.0,3983000000.0,-26350000000.0,-26350000000.0,-688000000.0,927000000.0,927000000.0,,-53000000.0,-53000000.0,-26536000000.0,-26642000000.0,41565000000.0,41565000000.0,752000000.0,,,,3331000000.0,1724000000.0,1611000000.0,-1443000000.0,-1136000000.0,,4079000000.0,,2277000000.0,2277000000.0,14203000000.0,14203000000.0,22270000000.0,123000000.0,,113000000.0,113000000.0,,,,-2016000000.0,-2016000000.0,,1607000000.0,,,,106000000.0,,,,,,,,,,,,,,,,,,,,,,,
WMT,2025-01-31,12660000000.0,-4494000000.0,-3468000000.0,0.0,,-23783000000.0,2739000000.0,5884000000.0,9536000000.0,9935000000.0,242000000.0,-14822000000.0,-14822000000.0,-2384000000.0,-6688000000.0,-6688000000.0,-4494000000.0,-4494000000.0,,-1256000000.0,2212000000.0,-3468000000.0,-3468000000.0,0.0,-21379000000.0,-21379000000.0,-212000000.0,4080000000.0,4080000000.0,,-1896000000.0,-1896000000.0,-23351000000.0,-23783000000.0,36443000000.0,36443000000.0,181000000.0,,,,4042000000.0,3663000000.0,3228000000.0,-2755000000.0,-1106000000.0,,2889000000.0,,-635000000.0,-635000000.0,12973000000.0,12973000000.0,20157000000.0,-641000000.0,,435000000.0,435000000.0,,,,878000000.0,878000000.0,,379000000.0,,,,432000000.0,,,,,,,,,,,,,,,,,,,,,,,
WMT,2024-01-31,15120000000.0,-2779000000.0,-4217000000.0,4967000000.0,,-20606000000.0,2519000000.0,5879000000.0,9935000000.0,8841000000.0,1025000000.0,-13414000000.0,-13414000000.0,-5757000000.0,-6140000000.0,-6140000000.0,-2779000000.0,-2779000000.0,,1262000000.0,512000000.0,750000000.0,-4217000000.0,4967000000.0,-21287000000.0,-21287000000.0,-922000000.0,0.0,0.0,,-9000000.0,-9000000.0,-20356000000.0,-20606000000.0,35726000000.0,35726000000.0,1943000000.0,,,,723000000.0,2047000000.0,2515000000.0,2017000000.0,-797000000.0,,2642000000.0,,-175000000.0,-175000000.0,11853000000.0,11853000000.0,16270000000.0,69000000.0,,-468000000.0,-468000000.0,,,,3193000000.0,3193000000.0,,-1324000000.0,,,135000000.0,250000000.0,,,,0.0,,,,,,,,,,,,0.0,,,,,,,
WMT,2023-01-31,11984000000.0,-9920000000.0,-2689000000.0,5041000000.0,,-16857000000.0,2051000000.0,3310000000.0,8841000000.0,14834000000.0,-5920000000.0,-17039000000.0,-17039000000.0,-3323000000.0,-6114000000.0,-6114000000.0,-9920000000.0,-9920000000.0,,2318000000.0,-34000000.0,2352000000.0,-2689000000.0,5041000000.0,-17722000000.0,-17722000000.0,-295000000.0,0.0,0.0,,-740000000.0,-740000000.0,-16687000000.0,-16857000000.0,28841000000.0,28841000000.0,2553000000.0,,,,2841000000.0,-1552000000.0,-1425000000.0,-528000000.0,240000000.0,,1919000000.0,,449000000.0,449000000.0,10945000000.0,10945000000.0,11292000000.0,-73000000.0,,-127000000.0,-127000000.0,,,,1683000000.0,1683000000.0,,4393000000.0,,,0.0,170000000.0,,,,0.0,,,,,,,,,,,,0.0,,,,,,,
WMT,2022-01-31,,,,,,,,,,,,,,,,,,,,,,,,,,,,,,,,,,,,,,,,,,,,,,,,,,,,,,,,,,,,,,,,,,,7935000000.0,,,,,433000000.0,,,,,,,,,,,,1848000000.0,,,0.0,,,,2440000000.0
TGT,2026-01-31,2835000000.0,-408000000.0,-1643000000.0,1984000000.0,,-3727000000.0,629000000.0,1091000000.0,5488000000.0,4762000000.0,726000000.0,-2187000000.0,-2187000000.0,-67000000.0,-2053000000.0,-2053000000.0,-408000000.0,-408000000.0,,341000000.0,,341000000.0,-1643000000.0,1984000000.0,-3649000000.0,-3649000000.0,78000000.0,,,,,,,,6562000000.0,6562000000.0,-403000000.0,,,-494000000.0,-345000000.0,-501000000.0,-501000000.0,436000000.0,,,-100000000.0,281000000.0,-55000000.0,-55000000.0,3134000000.0,3134000000.0,3705000000.0,,,,,,,,,,,156000000.0,,,,,,,-3727000000.0,,,,,,,,,,,,,,,,,,,,
TGT,2025-01-31,4476000000.0,-1007000000.0,-1139000000.0,741000000.0,,-2891000000.0,615000000.0,1055000000.0,4762000000.0,3805000000.0,957000000.0,-3550000000.0,-3550000000.0,-99000000.0,-2046000000.0,-2046000000.0,-1007000000.0,-1007000000.0,,-398000000.0,,-398000000.0,-1139000000.0,741000000.0,-2860000000.0,-2860000000.0,31000000.0,28000000.0,,,,,3000000.0,,7367000000.0,7367000000.0,145000000.0,,,-308000000.0,1307000000.0,1008000000.0,1008000000.0,-854000000.0,,,26000000.0,304000000.0,-180000000.0,-180000000.0,2981000000.0,2981000000.0,4091000000.0,,,,,,,,,,0.0,299000000.0,,,,3000000.0,,,-2891000000.0,,,,,,,,,,,,,,,,,,,,
TGT,2024-01-31,3815000000.0,0.0,-147000000.0,0.0,,-4806000000.0,605000000.0,374000000.0,3805000000.0,2229000000.0,1576000000.0,-2285000000.0,-2285000000.0,-127000000.0,-2011000000.0,-2011000000.0,0.0,0.0,,-147000000.0,,-147000000.0,-147000000.0,0.0,-4760000000.0,-4760000000.0,46000000.0,22000000.0,,,0.0,,24000000.0,,8621000000.0,8621000000.0,1039000000.0,,,-85000000.0,-489000000.0,-1216000000.0,-1216000000.0,1613000000.0,,,94000000.0,251000000.0,298000000.0,298000000.0,2801000000.0,2801000000.0,4138000000.0,,,,,,,,,,0.0,727000000.0,,,0.0,24000000.0,,,-4806000000.0,0.0,,,,,,,,,,,,,,,,,,,
TGT,2023-01-31,-1510000000.0,-2646000000.0,-163000000.0,2625000000.0,,-5528000000.0,449000000.0,213000000.0,2229000000.0,5911000000.0,-3682000000.0,-2196000000.0,-2196000000.0,-180000000.0,-1836000000.0,-1836000000.0,-2646000000.0,-2646000000.0,,2462000000.0,,2462000000.0,-163000000.0,2625000000.0,-5504000000.0,-5504000000.0,,16000000.0,,,0.0,,8000000.0,,4018000000.0,4018000000.0,-2436000000.0,,,22000000.0,-2861000000.0,-2237000000.0,-2237000000.0,403000000.0,,,172000000.0,220000000.0,582000000.0,582000000.0,2700000000.0,2700000000.0,2780000000.0,,,,,,,,,,4000000.0,-624000000.0,,,0.0,8000000.0,,,-5528000000.0,0.0,,,,,,,,,,,,,,,,,,,
TGT,2022-01-31,,,,,,,,,,,,,,,,,,,,,,,,,,,,7000000.0,,,356000000.0,,27000000.0,,,,,,,,,,,,,,,,,,,,,,,,,,,,-335000000.0,,8000000.0,,,,356000000.0,27000000.0,,,,-335000000.0,,,,,,,0.0,,,,,,,,,,,,
CAT,2025-12-31,7453000000.0,-5206000000.0,-8081000000.0,11105000000.0,,-4286000000.0,,,9986000000.0,6896000000.0,3133000000.0,-3899000000.0,-3899000000.0,-74000000.0,-2749000000.0,-2749000000.0,-5206000000.0,-5206000000.0,,4130000000.0,1106000000.0,3024000000.0,-8081000000.0,11105000000.0,-4707000000.0,-4707000000.0,-1668000000.0,517000000.0,2494000000.0,-1977000000.0,22000000.0,,708000000.0,,11739000000.0,11739000000.0,-348000000.0,1933000000.0,-294000000.0,-176000000.0,1804000000.0,1179000000.0,1179000000.0,-1477000000.0,-2138000000.0,,742000000.0,,465000000.0,465000000.0,2262000000.0,2262000000.0,8882000000.0,-43000000.0,,,,,,,-264000000.0,,,625000000.0,,,22000000.0,708000000.0,,,-4286000000.0,30000000.0,,,,,,,,,,,,,,,-294000000.0,,,,
CAT,2024-12-31,8820000000.0,-7697000000.0,-9316000000.0,10283000000.0,20000000.0,-3215000000.0,,,6896000000.0,6985000000.0,17000000.0,-9565000000.0,-9565000000.0,-41000000.0,-2646000000.0,-2646000000.0,-7677000000.0,-7697000000.0,20000000.0,799000000.0,-168000000.0,967000000.0,-9316000000.0,10283000000.0,-2453000000.0,-2453000000.0,-1525000000.0,1626000000.0,3155000000.0,-1529000000.0,-61000000.0,-61000000.0,722000000.0,,12035000000.0,12035000000.0,-859000000.0,370000000.0,-104000000.0,-97000000.0,-454000000.0,-282000000.0,-282000000.0,-414000000.0,-160000000.0,,564000000.0,,-621000000.0,-621000000.0,2153000000.0,2153000000.0,10788000000.0,-106000000.0,,,,,0.0,,10000000.0,,,-172000000.0,,,,722000000.0,,,-3215000000.0,164000000.0,,,,,,,,,,,,,,,-154000000.0,,,,
CAT,2023-12-31,9793000000.0,-4975000000.0,-6318000000.0,8257000000.0,12000000.0,-3092000000.0,,,6985000000.0,7013000000.0,82000000.0,-6932000000.0,-6932000000.0,,-2563000000.0,-2563000000.0,-4963000000.0,-4975000000.0,12000000.0,594000000.0,-1345000000.0,1939000000.0,-6318000000.0,8257000000.0,-5871000000.0,-5871000000.0,-967000000.0,-2589000000.0,1891000000.0,-4480000000.0,-4000000.0,-4000000.0,781000000.0,,12885000000.0,12885000000.0,151000000.0,80000000.0,439000000.0,-95000000.0,528000000.0,-754000000.0,-754000000.0,-364000000.0,-437000000.0,,375000000.0,,-592000000.0,-592000000.0,2144000000.0,2144000000.0,10332000000.0,-110000000.0,,,,,0.0,,475000000.0,,,1282000000.0,,,,781000000.0,,,-3092000000.0,572000000.0,,,,,,,,,,,,,,,-97000000.0,,,,
CAT,2022-12-31,5167000000.0,-4230000000.0,-7728000000.0,6674000000.0,51000000.0,-2599000000.0,,,7013000000.0,9263000000.0,-2056000000.0,-7281000000.0,-7281000000.0,-10000000.0,-2440000000.0,-2440000000.0,-4179000000.0,-4230000000.0,51000000.0,-652000000.0,402000000.0,-1054000000.0,-7728000000.0,6674000000.0,-2541000000.0,-2541000000.0,9000000.0,-782000000.0,2383000000.0,-3165000000.0,1000000.0,,830000000.0,,7766000000.0,7766000000.0,-1800000000.0,768000000.0,-754000000.0,-210000000.0,1205000000.0,798000000.0,798000000.0,-2589000000.0,-220000000.0,,701000000.0,,-377000000.0,-377000000.0,2219000000.0,2219000000.0,6704000000.0,-194000000.0,,,,,925000000.0,,-606000000.0,,,407000000.0,,,1000000.0,830000000.0,,,-2599000000.0,0.0,,,,,,,,,,,,,,,-606000000.0,,,,
CAT,2021-12-31,,,,,135000000.0,,,,,,,,,-4000000.0,,,,,135000000.0,,,,,,,,,,,,,,,,,,,,,,,,,,,,,,,,,,,,,,,,0.0,,,,,,,,36000000.0,,,,,,,,,,,,,,,,,,,,,,,,
