symbol,fiscal_year,Tax Effect Of Unusual Items,Tax Rate For Calcs,Normalized EBITDA,Net Income From Continuing Operation Net Minority Interest,Reconciled Depreciation,Reconciled Cost Of Revenue,EBITDA,EBIT,Net Interest Income,Interest Expense,Interest Income,Normalized Income,Net Income From Continuing And Discontinued Operation,Total Expenses,Total Operating Income As Reported,Diluted Average Shares,Basic Average Shares,Diluted EPS,Basic EPS,Diluted NI Availto Com Stockholders,Net Income Common Stockholders,Net Income,Net Income Including Noncontrolling Interests,Net Income Continuous Operations,Tax Provision,Pretax Income,Other Income Expense,Other Non Operating Income Expenses,Net Non Operating Interest Income Expense,Interest Expense Non Operating,Interest Income Non Operating,Operating Income,Operating Expense,Research And Development,Selling General And Administration,Gross Profit,Cost Of Revenue,Total Revenue,Operating Revenue,Total Unusual Items,Total Unusual Items Excluding Goodwill,Special Income Charges,Write Off,Gain On Sale Of Security,Selling And Marketing Expense,General And Administrative Expense,Other Gand A,Earnings From Equity Interest,Total Other Finance Cost,Restructuring And Mergern Acquisition,Earnings From Equity Interest Net Of Tax,Other Operating Expenses,Depreciation Amortization Depletion Income Statement,Depreciation And Amortization In Income Statement,Amortization,Amortization Of Intangibles Income Statement,Salaries And Wages,Otherunder Preferred Stock Dividend,Preferred Stock Dividends,Other Special Charges,Occupancy And Equipment,Professional Expense And Contract Services Expense,Other Non Interest Expense,Impairment Of Capital Assets,Minority Interests,Net Income Discontinuous Operations,Gain On Sale Of Ppe,Gain On Sale Of Business,Other Taxes,Average Dilution Earnings,Rent Expense Supplemental
AAPL,2025-09-30,0.0,0.156,144748000000.0,112010000000.0,11698000000.0,220960000000.0,144748000000.0,133050000000.0,,,,112010000000.0,112010000000.0,283111000000.0,133050000000.0,15004697000.0,14948500000.0,7.46,7.49,112010000000.0,112010000000.0,112010000000.0,112010000000.0,112010000000.0,20719000000.0,132729000000.0,-321000000.0,-321000000.0,,,,133050000000.0,62151000000.0,34550000000.0,27601000000.0,195201000000.0,220960000000.0,416161000000.0,416161000000.0,,,,,,,,,,,,,,,,,,,,,,,,,,,,,,,,
AAPL,2024-09-30,0.0,0.241,134661000000.0,93736000000.0,11445000000.0,210352000000.0,134661000000.0,123216000000.0,,,,93736000000.0,93736000000.0,267819000000.0,123216000000.0,15408095000.0,15343783000.0,6.08,6.11,93736000000.0,93736000000.0,93736000000.0,93736000000.0,93736000000.0,29749000000.0,123485000000.0,269000000.0,269000000.0,,,,123216000000.0,57467000000.0,31370000000.0,26097000000.0,180683000000.0,210352000000.0,391035000000.0,391035000000.0,,,,,,,,,,,,,,,,,,,,,,,,,,,,,,,,
AAPL,2023-09-30,0.0,0.147,125820000000.0,96995000000.0,11519000000.0,214137000000.0,125820000000.0,114301000000.0,-183000000.0,3933000000.0,3750000000.0,96995000000.0,96995000000.0,268984000000.0,114301000000.0,15812547000.0,15744231000.0,6.13,6.16,96995000000.0,96995000000.0,96995000000.0,96995000000.0,96995000000.0,16741000000.0,113736000000.0,-565000000.0,-565000000.0,-183000000.0,3933000000.0,3750000000.0,114301000000.0,54847000000.0,29915000000.0,24932000000.0,169148000000.0,214137000000.0,383285000000.0,383285000000.0,,,,,,,,,,,,,,,,,,,,,,,,,,,,,,,,
AAPL,2022-09-30,0.0,0.162,130541000000.0,99803000000.0,11104000000.0,223546000000.0,130541000000.0,119437000000.0,-106000000.0,2931000000.0,2825000000.0,99803000000.0,99803000000.0,274891000000.0,119437000000.0,16325819000.0,16215963000.0,6.11,6.15,99803000000.0,99803000000.0,99803000000.0,99803000000.0,99803000000.0,19300000000.0,119103000000.0,-334000000.0,-334000000.0,-106000000.0,2931000000.0,2825000000.0,119437000000.0,51345000000.0,26251000000.0,25094000000.0,170782000000.0,223546000000.0,394328000000.0,394328000000.0,,,,,,,,,,,,,,,,,,,,,,,,,,,,,,,,
AAPL,2021-09-30,,,,,,,,,198000000.0,2645000000.0,2843000000.0,,,,,,,,,,,,,,,,,,198000000.0,2645000000.0,2843000000.0,,,,,,,,,,,,,,,,,,,,,,,,,,,,,,,,,,,,,,,,
MSFT,2025-06-30,-77088000.0,0.176,160603000000.0,101832000000.0,34153000000.0,87831000000.0,160165000000.0,126012000000.0,262000000.0,2385000000.0,2647000000.0,102192912000.0,101832000000.0,153196000000.0,128528000000.0,7465000000.0,7433000000.0,13.64,13.7,101832000000.0,101832000000.0,101832000000.0,101832000000.0,101832000000.0,21795000000.0,123627000000.0,-5163000000.0,-4725000000.0,262000000.0,2385000000.0,2647000000.0,128528000000.0,65365000000.0,32488000000.0,32877000000.0,193893000000.0,87831000000.0,281724000000.0,281724000000.0,-438000000.0,-438000000.0,-943000000.0,943000000.0,505000000.0,25654000000.0,7223000000.0,7223000000.0,,,,,,,,,,,,,,,,,,,,,,,,
MSFT,2024-06-30,-99918000.0,0.182,133558000000.0,88136000000.0,22287000000.0,74114000000.0,133009000000.0,110722000000.0,222000000.0,2935000000.0,3157000000.0,88585082000.0,88136000000.0,135689000000.0,109433000000.0,7469000000.0,7431000000.0,11.8,11.86,88136000000.0,88136000000.0,88136000000.0,88136000000.0,88136000000.0,19651000000.0,107787000000.0,-1868000000.0,-1319000000.0,222000000.0,2935000000.0,3157000000.0,109433000000.0,61575000000.0,29510000000.0,32065000000.0,171008000000.0,74114000000.0,245122000000.0,245122000000.0,-549000000.0,-549000000.0,-206000000.0,206000000.0,-343000000.0,24456000000.0,7609000000.0,7609000000.0,,,,,,,,,,,,,,,,,,,,,,,,
MSFT,2023-06-30,-2850000.0,0.19,105155000000.0,72361000000.0,13861000000.0,65863000000.0,105140000000.0,91279000000.0,1026000000.0,1968000000.0,2994000000.0,72373150000.0,72361000000.0,123392000000.0,88523000000.0,7472000000.0,7446000000.0,9.68,9.72,72361000000.0,72361000000.0,72361000000.0,72361000000.0,72361000000.0,16950000000.0,89311000000.0,-238000000.0,-223000000.0,1026000000.0,1968000000.0,2994000000.0,88523000000.0,57529000000.0,27195000000.0,30334000000.0,146052000000.0,65863000000.0,211915000000.0,211915000000.0,-15000000.0,-15000000.0,-30000000.0,30000000.0,15000000.0,22759000000.0,7575000000.0,7575000000.0,,,,,,,,,,,,,,,,,,,,,,,,
MSFT,2022-06-30,43754000.0,0.131,99905000000.0,72738000000.0,14460000000.0,62650000000.0,100239000000.0,85779000000.0,31000000.0,2063000000.0,2094000000.0,72447754000.0,72738000000.0,114887000000.0,83383000000.0,7540000000.0,7496000000.0,9.65,9.7,72738000000.0,72738000000.0,72738000000.0,72738000000.0,72738000000.0,10978000000.0,83716000000.0,302000000.0,-32000000.0,31000000.0,2063000000.0,2094000000.0,83383000000.0,52237000000.0,24512000000.0,27725000000.0,135620000000.0,62650000000.0,198270000000.0,198270000000.0,334000000.0,334000000.0,-101000000.0,101000000.0,435000000.0,21825000000.0,5900000000.0,5900000000.0,,,,,,,,,,,,,,,,,,,,,,,,
GOOGL,2025-12-31,4119192000.0,0.168,156179000000.0,132170000000.0,21136000000.0,162535000000.0,180698000000.0,159562000000.0,3601000000.0,736000000.0,4337000000.0,111770192000.0,132170000000.0,273797000000.0,129039000000.0,12230000000.0,12116000000.0,10.81,10.91,132170000000.0,132170000000.0,132170000000.0,132170000000.0,132170000000.0,26656000000.0,158826000000.0,26186000000.0,1667000000.0,3601000000.0,736000000.0,4337000000.0,129039000000.0,111262000000.0,61087000000.0,50175000000.0,240301000000.0,162535000000.0,402836000000.0,402836000000.0,24519000000.0,24519000000.0,281000000.0,-281000000.0,24238000000.0,28693000000.0,21482000000.0,21482000000.0,,,,,,,,,,,,,,,,,,,,,,,,
GOOGL,2024-12-31,340136000.0,0.164,133320000000.0,100118000000.0,15311000000.0,146306000000.0,135394000000.0,120083000000.0,4214000000.0,268000000.0,4482000000.0,98384136000.0,100118000000.0,237628000000.0,112390000000.0,12447000000.0,12319000000.0,8.04,8.13,100118000000.0,100118000000.0,100118000000.0,100118000000.0,100118000000.0,19697000000.0,119815000000.0,3211000000.0,1137000000.0,4214000000.0,268000000.0,4482000000.0,112390000000.0,91322000000.0,49326000000.0,41996000000.0,203712000000.0,146306000000.0,350018000000.0,350018000000.0,2074000000.0,2074000000.0,-188000000.0,188000000.0,2262000000.0,27808000000.0,14188000000.0,14188000000.0,-188000000.0,,,,,,,,,,,,,,,,,,,,,,,
GOOGL,2023-12-31,-373771000.0,0.139,100660000000.0,73795000000.0,11946000000.0,133332000000.0,97971000000.0,86025000000.0,3557000000.0,308000000.0,3865000000.0,76110229000.0,73795000000.0,223101000000.0,84293000000.0,12722000000.0,12630000000.0,5.8,5.84,73795000000.0,73795000000.0,73795000000.0,73795000000.0,73795000000.0,11922000000.0,85717000000.0,-2133000000.0,556000000.0,3557000000.0,308000000.0,3865000000.0,84293000000.0,89769000000.0,45427000000.0,44342000000.0,174062000000.0,133332000000.0,307394000000.0,307394000000.0,-2689000000.0,-2689000000.0,-628000000.0,628000000.0,-2061000000.0,27917000000.0,16425000000.0,16425000000.0,-628000000.0,,,,,,,,,,,,,,,,,,,,,,,
GOOGL,2022-12-31,-1035090000.0,0.159,91670000000.0,59972000000.0,13475000000.0,126203000000.0,85160000000.0,71685000000.0,1817000000.0,357000000.0,2174000000.0,65446910000.0,59972000000.0,207994000000.0,74842000000.0,13159000000.0,13063000000.0,4.56,4.59,59972000000.0,59972000000.0,59972000000.0,59972000000.0,59972000000.0,11356000000.0,71328000000.0,-5331000000.0,1179000000.0,1817000000.0,357000000.0,2174000000.0,74842000000.0,81791000000.0,39500000000.0,42291000000.0,156633000000.0,126203000000.0,282836000000.0,282836000000.0,-6510000000.0,-6510000000.0,-337000000.0,337000000.0,-6173000000.0,26567000000.0,15724000000.0,15724000000.0,-337000000.0,,,,,,,,,,,,,,,,,,,,,,,
GOOGL,2021-12-31,,,,,,,,,,,,,,,,,,,,,,,,,,,,,,,,,,,,,,,,,,,,,,,,334000000.0,,,,,,,,,,,,,,,,,,,,,,,
META,2025-12-31,104348182.283666,0.296444,105361000000.0,60458000000.0,18616000000.0,36175000000.0,105713000000.0,87097000000.0,958000000.0,1165000000.0,2123000000.0,60210348182.28367,60458000000.0,117690000000.0,83276000000.0,,,,,60458000000.0,60458000000.0,60458000000.0,60458000000.0,60458000000.0,25474000000.0,85932000000.0,1698000000.0,1346000000.0,958000000.0,1165000000.0,2123000000.0,83276000000.0,81515000000.0,57372000000.0,24143000000.0,164791000000.0,36175000000.0,200966000000.0,198382000000.0,352000000.0,352000000.0,,,352000000.0,11991000000.0,12152000000.0,12152000000.0,,-1346000000.0,,,,,,,,,,,,,,,,,,,,,,
META,2024-12-31,-81075952.054116,0.117501,87566000000.0,62360000000.0,15498000000.0,30161000000.0,86876000000.0,71378000000.0,1802000000.0,715000000.0,2517000000.0,62968924047.945885,62360000000.0,95121000000.0,69380000000.0,2614000000.0,2534000000.0,23.86,24.61,62360000000.0,62360000000.0,62360000000.0,62360000000.0,62360000000.0,8303000000.0,70663000000.0,-519000000.0,171000000.0,1802000000.0,715000000.0,2517000000.0,69380000000.0,64960000000.0,43873000000.0,21087000000.0,134340000000.0,30161000000.0,164501000000.0,162779000000.0,-690000000.0,-690000000.0,,,-690000000.0,11347000000.0,9740000000.0,9740000000.0,,-171000000.0,,,,,,,,,,,,,,,,,,,,,,
META,2023-12-31,-64416000.0,0.176,59418000000.0,39098000000.0,11178000000.0,25959000000.0,59052000000.0,47874000000.0,1193000000.0,446000000.0,1639000000.0,39399584000.0,39098000000.0,88151000000.0,46751000000.0,2629000000.0,2574000000.0,14.87,15.19,39098000000.0,39098000000.0,39098000000.0,39098000000.0,39098000000.0,8330000000.0,47428000000.0,-516000000.0,-150000000.0,1193000000.0,446000000.0,1639000000.0,46751000000.0,62192000000.0,38483000000.0,23709000000.0,108943000000.0,25959000000.0,134902000000.0,133844000000.0,-366000000.0,-366000000.0,,,-366000000.0,12301000000.0,11408000000.0,11408000000.0,,150000000.0,,,,,,,,,,,,,,,,,,,,,,
META,2022-12-31,-15795000.0,0.195,37771000000.0,23200000000.0,8686000000.0,25249000000.0,37690000000.0,29004000000.0,276000000.0,185000000.0,461000000.0,23265205000.0,23200000000.0,87665000000.0,28944000000.0,2702000000.0,2687000000.0,8.59,8.63,23200000000.0,23200000000.0,23200000000.0,23200000000.0,23200000000.0,5619000000.0,28819000000.0,-401000000.0,-320000000.0,276000000.0,185000000.0,461000000.0,28944000000.0,62416000000.0,35338000000.0,27078000000.0,91360000000.0,25249000000.0,116609000000.0,115801000000.0,-81000000.0,-81000000.0,,,-81000000.0,15262000000.0,11816000000.0,11816000000.0,,320000000.0,,,,,,,,,,,,,,,,,,,,,,
META,2021-12-31,,,,,,,,,,,,,,,,2859000000.0,2815000000.0,13.77,13.99,,,,,,,,,,,,,,,,,,,,,,,0.0,,,,,,,,,,,,,,,,,,,,,,,,,,,,,
NVDA,2026-01-31,0.0,0.15117,144552000000.0,120067000000.0,2843000000.0,62475000000.0,144552000000.0,141709000000.0,2041000000.0,259000000.0,2300000000.0,120067000000.0,120067000000.0,85551000000.0,130387000000.0,24514000000.0,24359000000.0,4.9,4.93,120067000000.0,120067000000.0,120067000000.0,120067000000.0,120067000000.0,21383000000.0,141450000000.0,9022000000.0,9022000000.0,2041000000.0,259000000.0,2300000000.0,130387000000.0,23076000000.0,18497000000.0,4579000000.0,153463000000.0,62475000000.0,215938000000.0,215938000000.0,,,,,,,,,,,,,,,,,,,,,,,,,,,,,,,,
NVDA,2025-01-31,0.0,0.132649,86137000000.0,72880000000.0,1864000000.0,32639000000.0,86137000000.0,84273000000.0,1539000000.0,247000000.0,1786000000.0,72880000000.0,72880000000.0,49044000000.0,81453000000.0,24804000000.0,24555000000.0,2.94,2.97,72880000000.0,72880000000.0,72880000000.0,72880000000.0,72880000000.0,11146000000.0,84026000000.0,1034000000.0,1034000000.0,1539000000.0,247000000.0,1786000000.0,81453000000.0,16405000000.0,12914000000.0,3491000000.0,97858000000.0,32639000000.0,130497000000.0,130497000000.0,0.0,0.0,0.0,,,,,,,,0.0,,,,,,,,,,,,,,,,,,,,,
NVDA,2024-01-31,0.0,0.12,35583000000.0,29760000000.0,1508000000.0,16621000000.0,35583000000.0,34075000000.0,609000000.0,257000000.0,866000000.0,29760000000.0,29760000000.0,27950000000.0,32972000000.0,24940000000.0,24690000000.0,1.19,1.21,29760000000.0,29760000000.0,29760000000.0,29760000000.0,29760000000.0,4058000000.0,33818000000.0,237000000.0,237000000.0,609000000.0,257000000.0,866000000.0,32972000000.0,11329000000.0,8675000000.0,2654000000.0,44301000000.0,16621000000.0,60922000000.0,60922000000.0,0.0,0.0,0.0,,,,,,,,0.0,,,,,,,,,,,,,,,,,,,,,
NVDA,2023-01-31,-284130000.0,0.21,7339000000.0,4368000000.0,1543000000.0,11618000000.0,5986000000.0,4443000000.0,5000000.0,262000000.0,267000000.0,5436870000.0,4368000000.0,21397000000.0,4224000000.0,25070000000.0,24870000000.0,0.17,0.18,4368000000.0,4368000000.0,4368000000.0,4368000000.0,4368000000.0,-187000000.0,4181000000.0,-1401000000.0,-48000000.0,5000000.0,262000000.0,267000000.0,5577000000.0,9779000000.0,7339000000.0,2440000000.0,15356000000.0,11618000000.0,26974000000.0,26974000000.0,-1353000000.0,-1353000000.0,-1353000000.0,,,,,,,,1353000000.0,,,,,,,,,,,,,,,,,,,,,
NVDA,2022-01-31,,,,,,,,,,,,,,,,,,,,,,,,,,,,,,,,,,,,,,,,0.0,0.0,0.0,,,,,,,,0.0,,,,,,,,,,,,,,,,,,,,,
AMZN,2025-12-31,3004930994.440505,0.196144,150021000000.0,77670000000.0,65756000000.0,356414000000.0,165341000000.0,99585000000.0,2107000000.0,2274000000.0,4381000000.0,65354930994.440506,77670000000.0,636949000000.0,79975000000.0,10827000000.0,10656000000.0,7.17,7.29,77670000000.0,77670000000.0,77670000000.0,77670000000.0,77670000000.0,19087000000.0,97311000000.0,15229000000.0,-91000000.0,2107000000.0,2274000000.0,4381000000.0,79975000000.0,280535000000.0,,58301000000.0,360510000000.0,356414000000.0,716924000000.0,716924000000.0,15320000000.0,15320000000.0,,,15320000000.0,47129000000.0,11172000000.0,11172000000.0,,,,-554000000.0,222234000000.0,,,,,,,,,,,,,,,,,,,
AMZN,2024-12-31,-247916460.197627,0.135031,125651000000.0,59248000000.0,52795000000.0,326288000000.0,123815000000.0,71020000000.0,2271000000.0,2406000000.0,4677000000.0,60836083539.802376,59248000000.0,569366000000.0,68593000000.0,10721000000.0,10473000000.0,5.53,5.66,59248000000.0,59248000000.0,59248000000.0,59248000000.0,59248000000.0,9265000000.0,68614000000.0,-2250000000.0,-414000000.0,2271000000.0,2406000000.0,4677000000.0,68593000000.0,243078000000.0,,55266000000.0,311671000000.0,326288000000.0,637959000000.0,637959000000.0,-1836000000.0,-1836000000.0,,,-1836000000.0,43907000000.0,11359000000.0,11359000000.0,,,,-101000000.0,187812000000.0,,,,,,,,,,,,,,,,,,,
AMZN,2023-12-31,199057432.702293,0.189579,88352000000.0,30425000000.0,48663000000.0,304739000000.0,89402000000.0,40739000000.0,-233000000.0,3182000000.0,2949000000.0,29574057432.702293,30425000000.0,537933000000.0,36852000000.0,10492000000.0,10304000000.0,2.9,2.95,30425000000.0,30425000000.0,30425000000.0,30425000000.0,30425000000.0,7120000000.0,37557000000.0,938000000.0,-112000000.0,-233000000.0,3182000000.0,2949000000.0,36852000000.0,233194000000.0,,56186000000.0,270046000000.0,304739000000.0,574785000000.0,574785000000.0,1050000000.0,1050000000.0,,,1050000000.0,44370000000.0,11816000000.0,11816000000.0,,,,-12000000.0,177008000000.0,,,,,,,,,,,,,,,,,,,
AMZN,2022-12-31,-3415860000.0,0.21,54618000000.0,-2722000000.0,41921000000.0,288831000000.0,38352000000.0,-3569000000.0,-1378000000.0,2367000000.0,989000000.0,10128140000.0,-2722000000.0,501735000000.0,12248000000.0,10189000000.0,10189000000.0,-0.27,-0.27,-2722000000.0,-2722000000.0,-2722000000.0,-2722000000.0,-2722000000.0,-3217000000.0,-5936000000.0,-16806000000.0,-540000000.0,-1378000000.0,2367000000.0,989000000.0,12248000000.0,212904000000.0,,54129000000.0,225152000000.0,288831000000.0,513983000000.0,513983000000.0,-16266000000.0,-16266000000.0,,,-16266000000.0,42238000000.0,11891000000.0,11891000000.0,,,,-3000000.0,158775000000.0,,,,,,,,,,,,,,,,,,,
CRM,2026-01-31,92665000.0,0.215,12117000000.0,7457000000.0,3631000000.0,6634000000.0,12548000000.0,8917000000.0,,,,7118665000.0,7457000000.0,32608000000.0,8331000000.0,956000000.0,950000000.0,7.8,7.85,7457000000.0,7457000000.0,7457000000.0,7457000000.0,7457000000.0,2063000000.0,9520000000.0,603000000.0,172000000.0,,,,8917000000.0,23338000000.0,5993000000.0,16350000000.0,32255000000.0,9270000000.0,41525000000.0,41525000000.0,431000000.0,431000000.0,-1082000000.0,496000000.0,1513000000.0,13350000000.0,3000000000.0,3000000000.0,,,586000000.0,,,995000000.0,995000000.0,995000000.0,995000000.0,,,,,,,,,,,,,,,
CRM,2025-01-31,-97194000.0,0.167,11725000000.0,6197000000.0,3477000000.0,6067000000.0,11143000000.0,7666000000.0,,,,6681806000.0,6197000000.0,30229000000.0,7205000000.0,974000000.0,962000000.0,6.36,6.44,6197000000.0,6197000000.0,6197000000.0,6197000000.0,6197000000.0,1241000000.0,7438000000.0,-228000000.0,354000000.0,,,,7666000000.0,21586000000.0,5493000000.0,15192000000.0,29252000000.0,8643000000.0,37895000000.0,37895000000.0,-582000000.0,-582000000.0,-1043000000.0,582000000.0,461000000.0,12356000000.0,2836000000.0,2836000000.0,,,461000000.0,,,901000000.0,901000000.0,901000000.0,901000000.0,,,,,,,,,,,,,,,
CRM,2024-01-31,-207460000.0,0.164,11223000000.0,4136000000.0,3959000000.0,5473000000.0,9958000000.0,5999000000.0,,,,5193540000.0,4136000000.0,28858000000.0,5011000000.0,984000000.0,974000000.0,4.2,4.25,4136000000.0,4136000000.0,4136000000.0,4136000000.0,4136000000.0,814000000.0,4950000000.0,-1049000000.0,216000000.0,,,,5999000000.0,20317000000.0,4906000000.0,14520000000.0,26316000000.0,8541000000.0,34857000000.0,34857000000.0,-1265000000.0,-1265000000.0,-1454000000.0,466000000.0,189000000.0,11986000000.0,2534000000.0,2534000000.0,,,988000000.0,,,891000000.0,891000000.0,891000000.0,891000000.0,1062000000.0,,,,,,,,,,,,,,
CRM,2023-01-31,-224070000.0,0.21,6711000000.0,208000000.0,3786000000.0,8360000000.0,5644000000.0,1858000000.0,,,,1050930000.0,208000000.0,29494000000.0,1030000000.0,997000000.0,992000000.0,0.21,0.21,208000000.0,208000000.0,208000000.0,208000000.0,208000000.0,452000000.0,660000000.0,-1198000000.0,-131000000.0,,,,1858000000.0,21134000000.0,5055000000.0,16079000000.0,22992000000.0,8360000000.0,31352000000.0,31352000000.0,-1067000000.0,-1067000000.0,-1319000000.0,491000000.0,252000000.0,13526000000.0,2553000000.0,2553000000.0,,,828000000.0,,,916000000.0,916000000.0,916000000.0,916000000.0,1256000000.0,,,,,,,,,,,,,,
CRM,2022-01-31,,,,,,,,,,,,,,,,,,,,,,,,,,,,,,,,,,,,,,,,,,,,,,,,,,,,,,,,,1104000000.0,,,,,,,,,,,,,,
JPM,2025-12-31,220585577.519113,0.214161,,57048000000.0,8821000000.0,,,,95443000000.0,97898000000.0,193341000000.0,56238585577.51911,57048000000.0,,,2781500000.0,2776500000.0,20.02,20.05,55681000000.0,55681000000.0,57048000000.0,57048000000.0,57048000000.0,15547000000.0,72595000000.0,,,,,,,,,60018000000.0,,,181847000000.0,181847000000.0,1030000000.0,1030000000.0,1030000000.0,,-29000000.0,5531000000.0,54487000000.0,,,,-628000000.0,,,,,,,54487000000.0,268000000.0,1099000000.0,-402000000.0,16490000000.0,12356000000.0,7178000000.0,,,,,,,,
JPM,2024-12-31,1294403510.874922,0.221228,,58471000000.0,7938000000.0,,,,92583000000.0,101350000000.0,193933000000.0,53914403510.87492,58471000000.0,,,2879000000.0,2873900000.0,19.75,19.79,56868000000.0,56868000000.0,58471000000.0,58471000000.0,58471000000.0,16610000000.0,75081000000.0,,,,,,,,,56331000000.0,,,169439000000.0,169439000000.0,5851000000.0,5851000000.0,5851000000.0,,-1045000000.0,4974000000.0,51357000000.0,,,,674000000.0,,,,,,,51357000000.0,344000000.0,1259000000.0,-6525000000.0,14857000000.0,11057000000.0,7310000000.0,,,,,,,,
JPM,2023-12-31,-447272000.0,0.196,,49552000000.0,7512000000.0,,,,89267000000.0,81321000000.0,170588000000.0,51386728000.0,49552000000.0,,,2943100000.0,2938600000.0,16.23,16.25,47760000000.0,47760000000.0,49552000000.0,49552000000.0,49552000000.0,12060000000.0,61612000000.0,,,,,,,,,51056000000.0,,,154952000000.0,154952000000.0,-2282000000.0,-2282000000.0,-2282000000.0,,-3218000000.0,4591000000.0,46465000000.0,,,,-2054000000.0,,,,,,,46465000000.0,291000000.0,1501000000.0,4336000000.0,13836000000.0,10235000000.0,6649000000.0,,,,,,,,
JPM,2022-12-31,119232000.0,0.184,,37676000000.0,7051000000.0,,,,66710000000.0,26097000000.0,92807000000.0,37147232000.0,37676000000.0,,,2970000000.0,2965800000.0,12.09,12.1,35892000000.0,35892000000.0,37676000000.0,37676000000.0,37676000000.0,8490000000.0,46166000000.0,,,,,,,,,45547000000.0,,,127727000000.0,127727000000.0,648000000.0,648000000.0,648000000.0,,-2434000000.0,3911000000.0,41636000000.0,,,,0.0,,,,,,,41636000000.0,189000000.0,1595000000.0,-648000000.0,14054000000.0,10174000000.0,6099000000.0,,,,,,,,
GS,2025-12-31,-85380010.982976,0.213985,,17176000000.0,2182000000.0,,,,13559000000.0,66814000000.0,80373000000.0,17489619989.017025,17176000000.0,,,317600000.0,312700000.0,51.32,51.95,16300000000.0,16300000000.0,17176000000.0,17176000000.0,17176000000.0,4676000000.0,21852000000.0,,,,,,,,,19616000000.0,,,58283000000.0,58283000000.0,-399000000.0,-399000000.0,-399000000.0,,0.0,710000000.0,18906000000.0,,,,,,,2182000000.0,2182000000.0,,,18906000000.0,,876000000.0,215000000.0,958000000.0,1770000000.0,12619000000.0,184000000.0,,,,,,,
GS,2024-12-31,-104161819.861934,0.224004,,14276000000.0,2392000000.0,,,,8056000000.0,73341000000.0,81397000000.0,14636838180.138065,14276000000.0,,,333600000.0,328100000.0,40.54,41.07,13525000000.0,13525000000.0,14276000000.0,14276000000.0,14276000000.0,4121000000.0,18397000000.0,,,,,,,,,17352000000.0,,,53512000000.0,53512000000.0,-465000000.0,-465000000.0,-465000000.0,,0.0,646000000.0,16706000000.0,,,,,,,2392000000.0,2392000000.0,,,16706000000.0,,751000000.0,237000000.0,973000000.0,1652000000.0,10933000000.0,228000000.0,,,,,,,
GS,2023-12-31,-645219000.0,0.207,,8516000000.0,4856000000.0,,,,6351000000.0,62164000000.0,68515000000.0,10987781000.0,8516000000.0,,,345800000.0,340800000.0,22.87,23.05,7907000000.0,7907000000.0,8516000000.0,8516000000.0,8516000000.0,2223000000.0,10739000000.0,,,,,,,,,16128000000.0,,,46254000000.0,46254000000.0,-3117000000.0,-3117000000.0,-3117000000.0,,0.0,629000000.0,15499000000.0,,,,,,,2386000000.0,2386000000.0,,,15499000000.0,,609000000.0,529000000.0,1053000000.0,1623000000.0,10180000000.0,2588000000.0,,,,,,,
GS,2022-12-31,-51810000.0,0.165,,11261000000.0,2455000000.0,,,,7678000000.0,21346000000.0,29024000000.0,11523190000.0,11261000000.0,,,358100000.0,352100000.0,30.06,30.42,10764000000.0,10764000000.0,11261000000.0,11261000000.0,11261000000.0,2225000000.0,13486000000.0,,,,,,,,,15960000000.0,,,47365000000.0,47365000000.0,-314000000.0,-314000000.0,-314000000.0,,0.0,812000000.0,15148000000.0,,,,,,,2455000000.0,2455000000.0,,,15148000000.0,,497000000.0,576000000.0,1026000000.0,1887000000.0,9522000000.0,314000000.0,,,,,,,
BAC,2025-12-31,0.0,0.191,,30509000000.0,2314000000.0,,,,60096000000.0,78470000000.0,138566000000.0,30509000000.0,30509000000.0,,,7680900000.0,7521900000.0,3.81,3.86,29055000000.0,29055000000.0,30509000000.0,30509000000.0,30509000000.0,7186000000.0,37695000000.0,,,,,,,,,52246000000.0,,,113097000000.0,113097000000.0,,,,,0.0,6128000000.0,46118000000.0,3772000000.0,,,,,,,,,,42346000000.0,,1454000000.0,,7448000000.0,2580000000.0,7453000000.0,,,,,,,,
BAC,2024-12-31,0.0,0.188,,26973000000.0,2189000000.0,,,,56060000000.0,90547000000.0,146607000000.0,26973000000.0,26973000000.0,,,7935800000.0,7855500000.0,3.21,3.25,25344000000.0,25344000000.0,26973000000.0,26973000000.0,26973000000.0,6250000000.0,33223000000.0,,,,,,,,,49623000000.0,,,105856000000.0,105856000000.0,,,,,0.0,5450000000.0,44173000000.0,3991000000.0,,,,,,,,,,40182000000.0,,1629000000.0,,7289000000.0,2669000000.0,7231000000.0,,,,,,,,
BAC,2023-12-31,0.0,0.064,,26305000000.0,2057000000.0,,,,56931000000.0,73331000000.0,130262000000.0,26305000000.0,26305000000.0,,,8080500000.0,8028600000.0,3.08,3.1,24656000000.0,24656000000.0,26305000000.0,26305000000.0,26305000000.0,6225000000.0,32530000000.0,,,,,,,,,49815000000.0,,,102769000000.0,102769000000.0,-2100000000.0,-2100000000.0,-2100000000.0,,0.0,5535000000.0,44280000000.0,5950000000.0,,,,,,,,,,38330000000.0,,1649000000.0,2100000000.0,7164000000.0,2159000000.0,6707000000.0,,,,,,,,
BAC,2022-12-31,0.0,0.111,,27528000000.0,1978000000.0,,,,52462000000.0,20103000000.0,72565000000.0,27528000000.0,27528000000.0,,,8167500000.0,8113700000.0,3.19,3.21,26015000000.0,26015000000.0,27528000000.0,27528000000.0,27528000000.0,3441000000.0,30969000000.0,,,,,,,,,45946000000.0,,,94950000000.0,94950000000.0,,,,,0.0,5478000000.0,40468000000.0,4021000000.0,,,,,,,,,,36447000000.0,1513000000.0,1513000000.0,,7071000000.0,2142000000.0,6279000000.0,,,,,,,,
BAC,2021-12-31,,,,,,,,,,,,,,,,,,,,,,,,,,,,,,,,,,,,,,,,,,,,,,,,,,,,,,,,,,1421000000.0,,,,,,,,,,,,,
PFE,2025-12-31,-1882020000.0,0.21,25745000000.0,7746000000.0,6592000000.0,14349000000.0,16783000000.0,10191000000.0,-2068000000.0,2671000000.0,603000000.0,14825980000.0,7771000000.0,45172000000.0,,5713000000.0,5683000000.0,1.36,1.37,7771000000.0,7771000000.0,7771000000.0,7812000000.0,7787000000.0,-266000000.0,7520000000.0,-7819000000.0,1143000000.0,-2068000000.0,2671000000.0,603000000.0,17407000000.0,29105000000.0,10437000000.0,13794000000.0,46512000000.0,16067000000.0,62579000000.0,62579000000.0,-8962000000.0,-8962000000.0,-9160000000.0,,198000000.0,,,,0.0,,1550000000.0,,,4874000000.0,4874000000.0,4874000000.0,4874000000.0,,,,2670000000.0,,,,4940000000.0,-41000000.0,25000000.0,,,,,
PFE,2024-12-31,-962640000.0,0.21,22711000000.0,8020000000.0,7013000000.0,16124000000.0,18127000000.0,11114000000.0,-2546000000.0,3091000000.0,545000000.0,11641360000.0,8031000000.0,48689000000.0,,5700000000.0,5664000000.0,1.41,1.42,8031000000.0,8031000000.0,8031000000.0,8062000000.0,8051000000.0,-28000000.0,8023000000.0,-4369000000.0,113000000.0,-2546000000.0,3091000000.0,545000000.0,14938000000.0,30838000000.0,10822000000.0,14730000000.0,45776000000.0,17851000000.0,63627000000.0,63627000000.0,-4584000000.0,-4584000000.0,-5864000000.0,432000000.0,1280000000.0,,,,102000000.0,,2419000000.0,,,5286000000.0,5286000000.0,5286000000.0,5286000000.0,,,,675000000.0,,,,3295000000.0,-31000000.0,11000000.0,,525000000.0,,,
PFE,2023-12-31,-912870000.0,0.21,13904000000.0,2134000000.0,6290000000.0,23397000000.0,9557000000.0,3267000000.0,-585000000.0,2209000000.0,1624000000.0,5568130000.0,2119000000.0,55137000000.0,,5709000000.0,5643000000.0,0.37,0.38,2119000000.0,2119000000.0,2119000000.0,2158000000.0,2172000000.0,-1115000000.0,1058000000.0,-2774000000.0,1068000000.0,-585000000.0,2209000000.0,1624000000.0,4417000000.0,30183000000.0,10679000000.0,14771000000.0,34600000000.0,24954000000.0,59554000000.0,59554000000.0,-4347000000.0,-4347000000.0,-6413000000.0,227000000.0,2066000000.0,,,,505000000.0,,2943000000.0,,,4733000000.0,4733000000.0,4733000000.0,4733000000.0,,,,668000000.0,,,,3024000000.0,-39000000.0,-15000000.0,,222000000.0,,,
PFE,2022-12-31,-385344000.0,0.096,45045000000.0,31366000000.0,5064000000.0,32889000000.0,41031000000.0,35967000000.0,-987000000.0,1238000000.0,251000000.0,34994656000.0,31372000000.0,63058000000.0,,5733000000.0,5608000000.0,5.47,5.59,31372000000.0,31372000000.0,31372000000.0,31407000000.0,31401000000.0,3328000000.0,34729000000.0,-2400000000.0,1178000000.0,-987000000.0,1238000000.0,251000000.0,38117000000.0,28714000000.0,11428000000.0,13677000000.0,66831000000.0,34344000000.0,101175000000.0,101175000000.0,-4014000000.0,-4014000000.0,-3055000000.0,52000000.0,-959000000.0,,,,436000000.0,,1451000000.0,,,3609000000.0,3609000000.0,3609000000.0,3609000000.0,,,,1183000000.0,,,,421000000.0,-35000000.0,6000000.0,0.0,,,,
PFE,2021-12-31,,,,,,,,,,,,,,,,,,,,,,,,,,,,,,,,,,,,,,,,,,,53000000.0,,,,,,,,,,,,,,,,,,,,,,,,99000000.0,,,,
JNJ,2025-12-31,1044544581.197631,0.177312,35164000000.0,26804000000.0,7503000000.0,30256000000.0,41055000000.0,33552000000.0,85000000.0,971000000.0,1056000000.0,21957544581.19763,26804000000.0,68597000000.0,,2429400000.0,2407939000.0,11.03,11.131511,26804000000.0,26804000000.0,26804000000.0,26804000000.0,26804000000.0,5777000000.0,32581000000.0,6891000000.0,1000000000.0,85000000.0,971000000.0,1056000000.0,25596000000.0,38341000000.0,14665000000.0,23676000000.0,63937000000.0,30256000000.0,94193000000.0,94193000000.0,5891000000.0,5891000000.0,5491000000.0,,400000000.0,,,,,,428000000.0,,,,,,,,,,-6000000000.0,,,,81000000.0,,0.0,,,,,
JNJ,2024-12-31,-1106546713.010128,0.157068,31826000000.0,14066000000.0,7339000000.0,27471000000.0,24781000000.0,17442000000.0,577000000.0,755000000.0,1332000000.0,20004453286.989872,14066000000.0,67572000000.0,,2429400000.0,2406922000.0,5.79,5.843978,14066000000.0,14066000000.0,14066000000.0,14066000000.0,14066000000.0,2621000000.0,16687000000.0,-5145000000.0,1900000000.0,577000000.0,755000000.0,1332000000.0,21249000000.0,40101000000.0,17232000000.0,22869000000.0,61350000000.0,27471000000.0,88821000000.0,88821000000.0,-7045000000.0,-7045000000.0,-6745000000.0,,-300000000.0,,22869000000.0,22869000000.0,,,1034000000.0,,,,,,,-900000000.0,,,5500000000.0,,,,211000000.0,,0.0,,,,,
JNJ,2023-12-31,-92230000.0,0.115,24122000000.0,13326000000.0,7486000000.0,26553000000.0,23320000000.0,15834000000.0,489000000.0,772000000.0,1261000000.0,14035770000.0,35153000000.0,63150000000.0,,2560400000.0,2407078000.0,13.72,14.604014,35153000000.0,35153000000.0,35153000000.0,35153000000.0,13326000000.0,1736000000.0,15062000000.0,-7436000000.0,-6634000000.0,489000000.0,772000000.0,1261000000.0,22009000000.0,36597000000.0,15085000000.0,21512000000.0,58606000000.0,26553000000.0,85159000000.0,85159000000.0,-802000000.0,-802000000.0,-802000000.0,,-600000000.0,,21512000000.0,21512000000.0,,,489000000.0,,,,,,,-1400000000.0,,,7300000000.0,,,,313000000.0,,21827000000.0,,,,,
JNJ,2022-12-31,-162932000.0,0.154,27663000000.0,16370000000.0,6970000000.0,24596000000.0,26605000000.0,19635000000.0,214000000.0,276000000.0,490000000.0,17265068000.0,17941000000.0,58977000000.0,,2663900000.0,2613597000.0,6.73,6.862158,17941000000.0,17941000000.0,17941000000.0,17941000000.0,16370000000.0,2989000000.0,19359000000.0,-1868000000.0,-810000000.0,214000000.0,276000000.0,490000000.0,21013000000.0,34381000000.0,14135000000.0,20246000000.0,55394000000.0,24596000000.0,79990000000.0,79990000000.0,-1058000000.0,-1058000000.0,-1058000000.0,,-700000000.0,,20246000000.0,20246000000.0,,,275000000.0,,,,,,,-1200000000.0,,,2600000000.0,,,,783000000.0,,1571000000.0,,,,,
JNJ,2021-12-31,,,,,,,,,,,,,,,,,,,,,,,,,,,,,,,,,,,,,,,,,,,,,,20118000000.0,20118000000.0,,,,,,,,,,-600000000.0,,,,,,,,,,,,,,
MRK,2025-12-31,-112335690.890967,0.133099,29106000000.0,18254000000.0,5838000000.0,16382000000.0,28262000000.0,22424000000.0,-1014000000.0,1357000000.0,343000000.0,18985664309.10903,18254000000.0,42904000000.0,,2507000000.0,2474626766.0,7.28,7.376466,18254000000.0,18254000000.0,18254000000.0,18263000000.0,18263000000.0,2804000000.0,21067000000.0,-26000000.0,818000000.0,-1014000000.0,1357000000.0,343000000.0,22107000000.0,26522000000.0,15789000000.0,10733000000.0,48629000000.0,16382000000.0,65011000000.0,65011000000.0,-844000000.0,-844000000.0,-889000000.0,,45000000.0,,,,,,889000000.0,,,,,,,,,,,,,,,-9000000.0,,,,,,
MRK,2024-12-31,-73393158.105939,0.1406,26228000000.0,17117000000.0,4499000000.0,15193000000.0,25706000000.0,21207000000.0,-856000000.0,1271000000.0,415000000.0,17565606841.894062,17117000000.0,43947000000.0,,2541000000.0,2527637335.0,6.74,6.771937,17117000000.0,17117000000.0,17117000000.0,17133000000.0,17133000000.0,2803000000.0,19936000000.0,571000000.0,1093000000.0,-856000000.0,1271000000.0,415000000.0,20221000000.0,28754000000.0,17938000000.0,10816000000.0,48975000000.0,15193000000.0,64168000000.0,64168000000.0,-522000000.0,-522000000.0,-309000000.0,,-213000000.0,,,,,,309000000.0,,,,,,,,,,,,,,,-16000000.0,,,,,,
MRK,2023-12-31,-132090000.0,0.21,7536000000.0,365000000.0,3872000000.0,16126000000.0,6907000000.0,3035000000.0,-781000000.0,1146000000.0,365000000.0,861910000.0,365000000.0,57161000000.0,,2607142857.0,2607142857.0,0.14,0.14,365000000.0,365000000.0,365000000.0,377000000.0,377000000.0,1512000000.0,1889000000.0,-284000000.0,345000000.0,-781000000.0,1146000000.0,365000000.0,2954000000.0,41035000000.0,30531000000.0,10504000000.0,43989000000.0,16126000000.0,60115000000.0,60115000000.0,-629000000.0,-629000000.0,-599000000.0,,-30000000.0,,,,,,599000000.0,,,,,,,,,,,,,,,-12000000.0,0.0,,,,,
MRK,2022-12-31,-233181000.0,0.117,23308000000.0,14519000000.0,3909000000.0,17411000000.0,21315000000.0,17406000000.0,-805000000.0,962000000.0,157000000.0,16278819000.0,14519000000.0,41001000000.0,,2542000000.0,2532000000.0,5.71,5.73,14519000000.0,14519000000.0,14519000000.0,14526000000.0,14526000000.0,1918000000.0,16444000000.0,-1033000000.0,960000000.0,-805000000.0,962000000.0,157000000.0,18282000000.0,23590000000.0,13548000000.0,10042000000.0,41872000000.0,17411000000.0,59283000000.0,59283000000.0,-1993000000.0,-1993000000.0,-337000000.0,,-1656000000.0,,,,,,337000000.0,,,,,,,,,,,,,,,-7000000.0,0.0,,,,,
MRK,2021-12-31,,,,,,,,,,,,,,,,,,,,,,,,,,,,,,,,,,,,,,,,,,,,,,,,,,,,,,,,,,,,,,,,,,704000000.0,,,,,
XOM,2025-12-31,0.0,0.31,67864000000.0,28844000000.0,25993000000.0,252665000000.0,67864000000.0,41871000000.0,-603000000.0,603000000.0,,28844000000.0,28844000000.0,289967000000.0,,4305074627.0,4305074627.0,6.7,6.7,28844000000.0,28844000000.0,28844000000.0,29764000000.0,29764000000.0,11504000000.0,41268000000.0,7933000000.0,2869000000.0,-603000000.0,603000000.0,,33938000000.0,37302000000.0,,11128000000.0,71240000000.0,252665000000.0,323905000000.0,323905000000.0,,,,,,,,,5064000000.0,,,,1007000000.0,,,,,,,,,,,,,-920000000.0,,,,25167000000.0,,
XOM,2024-12-31,0.0,0.33,73311000000.0,33680000000.0,23442000000.0,262505000000.0,73311000000.0,49869000000.0,-996000000.0,996000000.0,,33680000000.0,33680000000.0,299595000000.0,,4298000000.0,4295918367.0,7.84,7.84,33680000000.0,33680000000.0,33680000000.0,35063000000.0,35063000000.0,13810000000.0,48873000000.0,10217000000.0,4023000000.0,-996000000.0,996000000.0,,39652000000.0,37090000000.0,,9976000000.0,76742000000.0,262505000000.0,339247000000.0,339247000000.0,,,,,,,9976000000.0,9976000000.0,6194000000.0,,,,826000000.0,,,,,,,,,,,,,-1383000000.0,,,,26288000000.0,,
XOM,2023-12-31,0.0,0.33,74273000000.0,36010000000.0,20641000000.0,250555000000.0,74273000000.0,53632000000.0,-849000000.0,849000000.0,,36010000000.0,36010000000.0,290236000000.0,,4052000000.0,4050618673.0,8.89,8.89,36010000000.0,36010000000.0,36010000000.0,37354000000.0,37354000000.0,15429000000.0,52783000000.0,9171000000.0,2786000000.0,-849000000.0,849000000.0,,44461000000.0,39681000000.0,,9919000000.0,84142000000.0,250555000000.0,334697000000.0,334697000000.0,,,,,,,9919000000.0,9919000000.0,6385000000.0,,,,751000000.0,,,,,714000000.0,,,,,,,,-1344000000.0,,,,29011000000.0,,
XOM,2022-12-31,0.0,0.33,102591000000.0,55740000000.0,24040000000.0,295608000000.0,102591000000.0,78551000000.0,-798000000.0,798000000.0,,55740000000.0,55740000000.0,334647000000.0,,4205000000.0,4203619910.0,13.26,13.26,55740000000.0,55740000000.0,55740000000.0,57577000000.0,57577000000.0,20176000000.0,77753000000.0,14523000000.0,3060000000.0,-798000000.0,798000000.0,,64028000000.0,39039000000.0,,10095000000.0,103067000000.0,295608000000.0,398675000000.0,398675000000.0,,,,,,,10095000000.0,10095000000.0,11463000000.0,,,,1025000000.0,,,,,482000000.0,,,,,,,,-1837000000.0,,,,27919000000.0,,
XOM,2021-12-31,,,,,,,,,,,,,,,,,,,,,,,,,,,,,,,,,,,,,,,,,,,,,,9574000000.0,9574000000.0,,,,,,,,,,786000000.0,,,,,,,,,,,,,,
CVX,2025-12-31,0.0,0.368,41417000000.0,12299000000.0,20457000000.0,128346000000.0,41417000000.0,20960000000.0,-1217000000.0,1217000000.0,,12299000000.0,12299000000.0,167758000000.0,,1856000000.0,1849000000.0,6.63,6.65,12299000000.0,12299000000.0,12299000000.0,12485000000.0,12485000000.0,7258000000.0,19743000000.0,4286000000.0,1286000000.0,-1217000000.0,1217000000.0,,16674000000.0,39412000000.0,,5126000000.0,56086000000.0,128346000000.0,184432000000.0,184432000000.0,,,,,,,,,3000000000.0,,,,29056000000.0,,,,,,,,,,,,,-186000000.0,,,,5230000000.0,,
CVX,2024-12-31,0.0,0.355,45811000000.0,17661000000.0,17711000000.0,136488000000.0,45811000000.0,28100000000.0,-594000000.0,594000000.0,,17661000000.0,17661000000.0,174497000000.0,,1816602000.0,1809583000.0,9.72,9.76,17661000000.0,17661000000.0,17661000000.0,17749000000.0,17749000000.0,9757000000.0,27506000000.0,9183000000.0,4587000000.0,-594000000.0,594000000.0,,18917000000.0,38009000000.0,,4834000000.0,56926000000.0,136488000000.0,193414000000.0,193414000000.0,,,,,,,,,4596000000.0,,,,28459000000.0,,,,,,,,,,,,,-88000000.0,,,,4716000000.0,,
CVX,2023-12-31,0.0,0.276,47815000000.0,21369000000.0,17762000000.0,136522000000.0,47815000000.0,30053000000.0,-469000000.0,469000000.0,,21369000000.0,21369000000.0,170684000000.0,,1880307000.0,1872737000.0,11.36,11.41,21369000000.0,21369000000.0,21369000000.0,21411000000.0,21411000000.0,8173000000.0,29584000000.0,3824000000.0,-1307000000.0,-469000000.0,469000000.0,,26229000000.0,34162000000.0,,4141000000.0,60391000000.0,136522000000.0,196913000000.0,196913000000.0,,,,,,,,,5131000000.0,,,,25801000000.0,,,,,,,,,,,,,-42000000.0,,,,4220000000.0,,
CVX,2022-12-31,0.0,0.283,65485000000.0,35465000000.0,15295000000.0,161735000000.0,65485000000.0,50190000000.0,-516000000.0,516000000.0,,35465000000.0,35465000000.0,195767000000.0,,1940277000.0,1931486000.0,18.28,18.36,35465000000.0,35465000000.0,35465000000.0,35608000000.0,35608000000.0,14066000000.0,49674000000.0,10240000000.0,1655000000.0,-516000000.0,516000000.0,,39950000000.0,34032000000.0,,4312000000.0,73982000000.0,161735000000.0,235717000000.0,235717000000.0,,,,,,,,,8585000000.0,,,,25688000000.0,,,,,,,,,,,,,-143000000.0,,,,4032000000.0,,
PG,2025-06-30,0.0,0.203,23921000000.0,15974000000.0,2847000000.0,41164000000.0,23921000000.0,21074000000.0,-438000000.0,907000000.0,469000000.0,15974000000.0,15974000000.0,63833000000.0,20451000000.0,2454400000.0,2394902549.0,6.51,6.67,15974000000.0,15682000000.0,15974000000.0,16065000000.0,16065000000.0,4102000000.0,20167000000.0,154000000.0,154000000.0,-438000000.0,907000000.0,469000000.0,20451000000.0,22669000000.0,,22669000000.0,43120000000.0,41164000000.0,84284000000.0,84284000000.0,0.0,0.0,0.0,,,,,,,,,,,,,,,,,291000000.0,,,,,0.0,-91000000.0,,,,,291000000.0,
PG,2024-06-30,-270882000.0,0.202,23923000000.0,14879000000.0,2896000000.0,40848000000.0,22582000000.0,19686000000.0,-452000000.0,925000000.0,473000000.0,15949118000.0,14879000000.0,64153000000.0,18545000000.0,2471900000.0,2407605178.0,6.02,6.18,14879000000.0,14595000000.0,14879000000.0,14974000000.0,14974000000.0,3787000000.0,18761000000.0,-673000000.0,668000000.0,-452000000.0,925000000.0,473000000.0,19886000000.0,23305000000.0,,23305000000.0,43191000000.0,40848000000.0,84039000000.0,84039000000.0,-1341000000.0,-1341000000.0,-1341000000.0,,,,,,,,,,,,,,,,,284000000.0,,,,,1341000000.0,-95000000.0,,,,,284000000.0,
PG,2023-06-30,0.0,0.017,21823000000.0,14653000000.0,2714000000.0,42760000000.0,21823000000.0,19109000000.0,-449000000.0,756000000.0,307000000.0,14653000000.0,14653000000.0,63872000000.0,18134000000.0,2483900000.0,2414003295.0,5.9,6.07,14653000000.0,14371000000.0,14653000000.0,14738000000.0,14738000000.0,3615000000.0,18353000000.0,668000000.0,668000000.0,-449000000.0,756000000.0,307000000.0,18134000000.0,21112000000.0,,21112000000.0,39246000000.0,42760000000.0,82006000000.0,82006000000.0,0.0,0.0,0.0,,,,,,,,,,,,,,,,,282000000.0,,,,,0.0,-85000000.0,,,,,282000000.0,
PG,2022-06-30,0.0,0.178,21241000000.0,14742000000.0,2807000000.0,42157000000.0,21241000000.0,18434000000.0,-388000000.0,439000000.0,51000000.0,14742000000.0,14742000000.0,62374000000.0,17813000000.0,2539100000.0,2457000000.0,5.81,6.0,14742000000.0,14461000000.0,14742000000.0,14793000000.0,14793000000.0,3202000000.0,17995000000.0,570000000.0,570000000.0,-388000000.0,439000000.0,51000000.0,17813000000.0,20217000000.0,,20217000000.0,38030000000.0,42157000000.0,80187000000.0,80187000000.0,0.0,0.0,0.0,,,,,,,,,,,,,,,,,281000000.0,,,,,0.0,-51000000.0,,,,,281000000.0,
KO,2025-12-31,3397862.232779,0.178835,18683000000.0,13107000000.0,1050000000.0,17362000000.0,18702000000.0,17652000000.0,-868000000.0,1654000000.0,786000000.0,13091397862.232779,13107000000.0,33030000000.0,13762000000.0,4313000000.0,4303000000.0,3.04,3.05,13107000000.0,13107000000.0,13107000000.0,13137000000.0,13137000000.0,2861000000.0,15998000000.0,1955000000.0,-95000000.0,-868000000.0,1654000000.0,786000000.0,14911000000.0,14633000000.0,,14521000000.0,29544000000.0,18397000000.0,47941000000.0,47941000000.0,19000000.0,19000000.0,-501000000.0,65000000.0,520000000.0,5400000000.0,9121000000.0,8842000000.0,2031000000.0,,16000000.0,,97000000.0,15000000.0,15000000.0,15000000.0,15000000.0,279000000.0,,,10000000.0,,,,1045000000.0,-30000000.0,,,635000000.0,,,
KO,2024-12-31,-373762723.52132,0.18623,17803000000.0,10631000000.0,1075000000.0,18324000000.0,15817000000.0,14742000000.0,-668000000.0,1656000000.0,988000000.0,12264237276.47868,10631000000.0,33039000000.0,9992000000.0,4320000000.0,4309000000.0,2.46,2.47,10631000000.0,10631000000.0,10631000000.0,10649000000.0,10649000000.0,2437000000.0,13086000000.0,-268000000.0,-52000000.0,-668000000.0,1656000000.0,988000000.0,14022000000.0,14715000000.0,,14582000000.0,28737000000.0,18324000000.0,47061000000.0,47061000000.0,-1986000000.0,-1986000000.0,-2301000000.0,34000000.0,315000000.0,5100000000.0,9482000000.0,9196000000.0,1770000000.0,,2246000000.0,,133000000.0,,,,,286000000.0,,,-23000000.0,,,,886000000.0,-18000000.0,,,842000000.0,,,
KO,2023-12-31,-310938000.0,0.174,17394000000.0,10714000000.0,1128000000.0,18520000000.0,15607000000.0,14479000000.0,-620000000.0,1527000000.0,907000000.0,12190062000.0,10714000000.0,32656000000.0,11311000000.0,4339000000.0,4323000000.0,2.47,2.48,10714000000.0,10714000000.0,10714000000.0,10703000000.0,10703000000.0,2249000000.0,12952000000.0,474000000.0,570000000.0,-620000000.0,1527000000.0,907000000.0,13098000000.0,14136000000.0,,13972000000.0,27234000000.0,18520000000.0,45754000000.0,45754000000.0,-1787000000.0,-1787000000.0,-1787000000.0,39000000.0,185000000.0,7609000000.0,254000000.0,,1691000000.0,,1744000000.0,,164000000.0,15000000.0,15000000.0,15000000.0,15000000.0,254000000.0,,,-42000000.0,,,,,11000000.0,,-35000000.0,-35000000.0,,,
KO,2022-12-31,-205073000.0,0.181,14961000000.0,9542000000.0,1260000000.0,18000000000.0,13828000000.0,12568000000.0,-433000000.0,882000000.0,449000000.0,10469927000.0,9542000000.0,30962000000.0,10909000000.0,4350000000.0,4328000000.0,2.19,2.2,9542000000.0,9542000000.0,9542000000.0,9571000000.0,9571000000.0,2115000000.0,11686000000.0,77000000.0,-262000000.0,-433000000.0,882000000.0,449000000.0,12042000000.0,12962000000.0,,12880000000.0,25004000000.0,18000000000.0,43004000000.0,43004000000.0,-1133000000.0,-1133000000.0,-1133000000.0,96000000.0,-496000000.0,7086000000.0,356000000.0,,1472000000.0,,1076000000.0,,82000000.0,,,,,356000000.0,,,-219000000.0,,,,57000000.0,-29000000.0,,,,,,
KO,2021-12-31,,,,,,,,,,,,,,,,,,,,,,,,,,,,,,,,,,,,,,,,,,,,,,,5135000000.0,,,,,,,,,,,,,,,,,78000000.0,,,,809000000.0,,,
MCD,2025-12-31,,,,,,,,,,,,,,,,716400000.0,712154350.0,11.95,12.024079,,,,,,,,,,,,,,,,,,,,,,,,,,,,,,,,,,,,,,,,,,,,,,,,,,,,
MCD,2024-12-31,-62115000.0,0.205,14251000000.0,8223000000.0,2097000000.0,9560000000.0,13948000000.0,11851000000.0,-1403000000.0,1506000000.0,103000000.0,8463885000.0,8223000000.0,14069000000.0,11712000000.0,721900000.0,715200000.0,11.39,11.497483,8223000000.0,8223000000.0,8223000000.0,8224000000.0,8224000000.0,2121000000.0,10345000000.0,-104000000.0,42000000.0,-1403000000.0,1506000000.0,103000000.0,11851000000.0,2859000000.0,,2412000000.0,14710000000.0,11210000000.0,25920000000.0,25497000000.0,-303000000.0,-303000000.0,-297000000.0,,-6000000.0,,,,157000000.0,,221000000.0,,,447000000.0,447000000.0,,,,,,,,,,,,,-170000000.0,94000000.0,,,4917000000.0
MCD,2023-12-31,-45435000.0,0.195,14094000000.0,8469000000.0,1978000000.0,9335000000.0,13861000000.0,11883000000.0,-1174000000.0,1361000000.0,187000000.0,8656565000.0,8469000000.0,13748000000.0,11647000000.0,732300000.0,722700000.0,11.56,11.718279,8469000000.0,8469000000.0,8469000000.0,8469000000.0,8469000000.0,2053000000.0,10522000000.0,-49000000.0,31000000.0,-1174000000.0,1361000000.0,187000000.0,11747000000.0,2817000000.0,,2435000000.0,14564000000.0,10931000000.0,25495000000.0,25179000000.0,-233000000.0,-233000000.0,-252000000.0,362000000.0,19000000.0,,,,153000000.0,,,,,382000000.0,382000000.0,,,,,,,,,,,,,7000000.0,103000000.0,,,4774000000.0
MCD,2022-12-31,-201083000.0,0.211,11856000000.0,6177000000.0,1871000000.0,8474000000.0,10903000000.0,9032000000.0,-1163000000.0,1207000000.0,44000000.0,6928917000.0,6177000000.0,12837000000.0,9371000000.0,741300000.0,731300000.0,8.33,8.447149,6177000000.0,6177000000.0,6177000000.0,6177000000.0,6177000000.0,1648000000.0,7825000000.0,-1357000000.0,-517000000.0,-1163000000.0,1207000000.0,44000000.0,10345000000.0,2862000000.0,,2492000000.0,13207000000.0,9975000000.0,23182000000.0,22854000000.0,-953000000.0,-953000000.0,-1087000000.0,1010000000.0,134000000.0,,,,113000000.0,,,,,370000000.0,370000000.0,,,,,,,,,,,,,-137000000.0,60000000.0,,,4376000000.0
MCD,2021-12-31,46640800.0,0.173,11912200000.0,7545200000.0,1868100000.0,9104300000.0,12181800000.0,10313700000.0,-1176800000.0,1185800000.0,9000000.0,7322240800.0,7545200000.0,13350200000.0,10356000000.0,,,,,7545200000.0,7545200000.0,7545200000.0,7545200000.0,7545200000.0,1582700000.0,9127900000.0,432300000.0,-14000000.0,-1176800000.0,1185800000.0,9000000.0,9872700000.0,2707500000.0,,2377800000.0,12580200000.0,10642700000.0,23222900000.0,22872800000.0,269600000.0,269600000.0,306600000.0,-285400000.0,-37000000.0,,,,176700000.0,,,,,329700000.0,329700000.0,,,,,,,,,,,,,-75400000.0,96600000.0,,,4608300000.0
TSLA,2025-12-31,-133380000.0,0.27,12258000000.0,3794000000.0,6148000000.0,77733000000.0,11764000000.0,5616000000.0,1342000000.0,338000000.0,1680000000.0,4154620000.0,3794000000.0,89978000000.0,4355000000.0,3526250000.0,3224750000.0,1.08,1.176525,3794000000.0,3794000000.0,3794000000.0,3855000000.0,3855000000.0,1423000000.0,5278000000.0,-913000000.0,-419000000.0,1342000000.0,338000000.0,1680000000.0,4849000000.0,12245000000.0,6411000000.0,5834000000.0,17094000000.0,77733000000.0,94827000000.0,94827000000.0,-494000000.0,-494000000.0,-494000000.0,,,,,,,,494000000.0,,,,,,,,,,,,,,,-61000000.0,,,,,,
TSLA,2024-12-31,-136800000.0,0.2,15392000000.0,7130000000.0,5368000000.0,80240000000.0,14708000000.0,9340000000.0,1219000000.0,350000000.0,1569000000.0,7677200000.0,7130000000.0,89930000000.0,7076000000.0,3216000000.0,3216000000.0,2.04,2.23,7130000000.0,7130000000.0,7130000000.0,7153000000.0,7153000000.0,1837000000.0,8990000000.0,11000000.0,695000000.0,1219000000.0,350000000.0,1569000000.0,7760000000.0,9690000000.0,4540000000.0,5150000000.0,17450000000.0,80240000000.0,97690000000.0,97690000000.0,-684000000.0,-684000000.0,-684000000.0,,,,,,,,684000000.0,,,,,,,,,,,,,,,-23000000.0,,,,,0.0,1003000000.0
TSLA,2023-12-31,0.0,0.21,14796000000.0,14999000000.0,4667000000.0,79113000000.0,14796000000.0,10129000000.0,910000000.0,156000000.0,1066000000.0,14999000000.0,14999000000.0,87882000000.0,8891000000.0,3482750000.0,3173500000.0,4.31,4.725697,14999000000.0,14999000000.0,14999000000.0,14974000000.0,14974000000.0,-5001000000.0,9973000000.0,172000000.0,172000000.0,910000000.0,156000000.0,1066000000.0,8891000000.0,8769000000.0,3969000000.0,4800000000.0,17660000000.0,79113000000.0,96773000000.0,96773000000.0,0.0,0.0,0.0,,,,,,,,0.0,,,,,,,,,,,,,,,25000000.0,,,,,0.0,1268000000.0
TSLA,2022-12-31,-14080000.0,0.08,17833000000.0,12583000000.0,3747000000.0,60609000000.0,17657000000.0,13910000000.0,106000000.0,191000000.0,297000000.0,12744920000.0,12583000000.0,67630000000.0,13656000000.0,3475000000.0,3130000000.0,3.62,4.02,12584000000.0,12583000000.0,12583000000.0,12587000000.0,12587000000.0,1132000000.0,13719000000.0,-219000000.0,-43000000.0,106000000.0,191000000.0,297000000.0,13832000000.0,7021000000.0,3075000000.0,3946000000.0,20853000000.0,60609000000.0,81462000000.0,81462000000.0,-176000000.0,-176000000.0,-176000000.0,,,,,,,,176000000.0,,,,,,,,,,,,,,,-4000000.0,,,,,1000000.0,1509000000.0
TSLA,2021-12-31,,,,,,,,,,,,,,,,,,,,,,,,,,,,,,,,,,,,,,,,,,,,,,,,,,,,,,,,,,-5000000.0,,,,,,,,,,,,9000000.0,978000000.0
F,2025-12-31,107260000.0,0.31,3292000000.0,-8182000000.0,14135000000.0,185587000000.0,3638000000.0,-10497000000.0,157000000.0,1333000000.0,1490000000.0,-8420740000.0,-8182000000.0,196436000000.0,-9169000000.0,3979000000.0,3979000000.0,-2.06,-2.06,-8182000000.0,-8182000000.0,-8182000000.0,-8162000000.0,-8162000000.0,-3668000000.0,-11830000000.0,-2818000000.0,-20000000.0,157000000.0,1333000000.0,1490000000.0,-9169000000.0,10849000000.0,,10849000000.0,1680000000.0,185587000000.0,187267000000.0,187267000000.0,346000000.0,346000000.0,,,346000000.0,,,,-3144000000.0,,,,,,,,,,,,,,,,,-20000000.0,,,,,,
F,2024-12-31,-7770000.0,0.185,14278000000.0,5879000000.0,5867000000.0,169486000000.0,14236000000.0,8369000000.0,404000000.0,1136000000.0,1540000000.0,5913230000.0,5879000000.0,179773000000.0,5219000000.0,4021000000.0,3978000000.0,1.46,1.48,5879000000.0,5879000000.0,5879000000.0,5894000000.0,5894000000.0,1339000000.0,7233000000.0,1610000000.0,896000000.0,404000000.0,1136000000.0,1540000000.0,5219000000.0,10287000000.0,,10287000000.0,15506000000.0,169486000000.0,184992000000.0,184992000000.0,-42000000.0,-42000000.0,,,-42000000.0,,,,756000000.0,,,,,,,,,,,,,,,,,-15000000.0,,,,,,
F,2023-12-31,-43050000.0,0.21,12013000000.0,4347000000.0,6523000000.0,160031000000.0,11808000000.0,5285000000.0,249000000.0,1318000000.0,1567000000.0,4508950000.0,4347000000.0,170733000000.0,5458000000.0,4041000000.0,3998000000.0,1.08,1.09,4347000000.0,4347000000.0,4347000000.0,4329000000.0,4329000000.0,-362000000.0,3967000000.0,-1740000000.0,-1958000000.0,249000000.0,1318000000.0,1567000000.0,5458000000.0,10702000000.0,,10702000000.0,16160000000.0,160031000000.0,176191000000.0,176191000000.0,-205000000.0,-205000000.0,0.0,,-205000000.0,,,,423000000.0,,,,,,,,,,,,,,,,,18000000.0,,,,,,
F,2022-12-31,-2150148000.0,0.286,12277000000.0,-1981000000.0,6493000000.0,140893000000.0,4759000000.0,-1734000000.0,-643000000.0,1282000000.0,639000000.0,3386852000.0,-1981000000.0,151781000000.0,6276000000.0,4014000000.0,4014000000.0,-0.49,-0.49,-1981000000.0,-1981000000.0,-1981000000.0,-2152000000.0,-2152000000.0,-864000000.0,-3016000000.0,-8649000000.0,1899000000.0,-643000000.0,1282000000.0,639000000.0,6276000000.0,10888000000.0,,10888000000.0,17164000000.0,140893000000.0,158057000000.0,158057000000.0,-7518000000.0,-7518000000.0,-121000000.0,,-7518000000.0,,,,-3030000000.0,,,,,,,,,,,,121000000.0,,,,,171000000.0,,,,,,
F,2021-12-31,,,,,,,,,,,,,,,,,,,,,,,,,,,,,,,,,,,,,,,,,,-1702000000.0,,,,,,,,,,,,,,,,,,1702000000.0,,,,,,,,,,,
VZ,2025-12-31,82064000.0,0.223,47347000000.0,17174000000.0,18349000000.0,56765000000.0,47715000000.0,29366000000.0,-6365000000.0,6694000000.0,329000000.0,16888064000.0,17174000000.0,108932000000.0,29259000000.0,4231000000.0,4226000000.0,4.06,4.06,17174000000.0,17174000000.0,17174000000.0,17608000000.0,17608000000.0,5064000000.0,22672000000.0,-222000000.0,-590000000.0,-6365000000.0,6694000000.0,329000000.0,29259000000.0,52167000000.0,,33818000000.0,81426000000.0,56765000000.0,138191000000.0,138191000000.0,368000000.0,368000000.0,368000000.0,,,,,,0.0,,,,,18349000000.0,18349000000.0,,,,,,-368000000.0,,,,0.0,-434000000.0,,,,,,
VZ,2024-12-31,84315000.0,0.219,47135000000.0,17506000000.0,17892000000.0,54097000000.0,47520000000.0,29628000000.0,-6313000000.0,6649000000.0,336000000.0,17205315000.0,17506000000.0,106102000000.0,28686000000.0,4223000000.0,4218000000.0,4.14,4.15,17506000000.0,17506000000.0,17506000000.0,17949000000.0,17949000000.0,5030000000.0,22979000000.0,606000000.0,274000000.0,-6313000000.0,6649000000.0,336000000.0,28686000000.0,52005000000.0,,34113000000.0,80691000000.0,54097000000.0,134788000000.0,134788000000.0,385000000.0,385000000.0,385000000.0,,,,,,-53000000.0,,,,,17892000000.0,17892000000.0,,,,,,-385000000.0,,,,0.0,-443000000.0,,,,,,
VZ,2023-12-31,-1593420615.764997,0.287985,45668000000.0,11614000000.0,17624000000.0,54887000000.0,40135000000.0,22511000000.0,-5170000000.0,5524000000.0,354000000.0,15553579384.235003,11614000000.0,105256000000.0,22877000000.0,4215000000.0,4211000000.0,2.75,2.76,11614000000.0,11614000000.0,11614000000.0,12095000000.0,12095000000.0,4892000000.0,16987000000.0,-6561000000.0,-975000000.0,-5170000000.0,5524000000.0,354000000.0,28718000000.0,50369000000.0,,32745000000.0,79087000000.0,54887000000.0,133974000000.0,133974000000.0,-5533000000.0,-5533000000.0,-5533000000.0,,,,,,-53000000.0,,,,,17624000000.0,17624000000.0,,,,,,-308000000.0,,,,5841000000.0,-481000000.0,,,,,,
VZ,2022-12-31,-248497435.534647,0.230731,50060000000.0,21256000000.0,17099000000.0,59133000000.0,48983000000.0,31884000000.0,-3467000000.0,3613000000.0,146000000.0,22084502564.46535,21256000000.0,106368000000.0,30467000000.0,4204000000.0,4202000000.0,5.06,5.06,21256000000.0,21256000000.0,21256000000.0,21748000000.0,21748000000.0,6523000000.0,28271000000.0,1271000000.0,2304000000.0,-3467000000.0,3613000000.0,146000000.0,30467000000.0,47235000000.0,,30136000000.0,77702000000.0,59133000000.0,136835000000.0,136835000000.0,-1077000000.0,-1077000000.0,-1077000000.0,,,,,,44000000.0,,,,,17099000000.0,17099000000.0,,,,,,1077000000.0,,,,0.0,-492000000.0,,,,,,
T,2025-12-31,-112292000.0,0.134,55535000000.0,21953000000.0,20886000000.0,50820000000.0,54697000000.0,33811000000.0,-6804000000.0,6804000000.0,,22678708000.0,21953000000.0,100648000000.0,24162000000.0,7179000000.0,7169000000.0,3.04,3.04,21901000000.0,21889000000.0,21953000000.0,23386000000.0,23386000000.0,3621000000.0,27007000000.0,8811000000.0,7754000000.0,-6804000000.0,6804000000.0,,25000000000.0,49828000000.0,,28942000000.0,74828000000.0,50820000000.0,125648000000.0,125648000000.0,-838000000.0,-838000000.0,-838000000.0,838000000.0,,,,,1895000000.0,,,,,20886000000.0,20886000000.0,,,,,64000000.0,,,,,,-1433000000.0,,,,,12000000.0,
T,2024-12-31,-1349950000.0,0.266,49112000000.0,10948000000.0,20580000000.0,49221000000.0,44037000000.0,23457000000.0,-6759000000.0,6759000000.0,,14673050000.0,10948000000.0,98212000000.0,19049000000.0,7204000000.0,7199000000.0,1.49,1.49,10746000000.0,10746000000.0,10948000000.0,12253000000.0,12253000000.0,4445000000.0,16698000000.0,-667000000.0,2419000000.0,-6759000000.0,6759000000.0,,24124000000.0,48991000000.0,,28411000000.0,73115000000.0,49221000000.0,122336000000.0,122336000000.0,-5075000000.0,-5075000000.0,-5075000000.0,5075000000.0,,,,,1989000000.0,,,,,20580000000.0,20580000000.0,,,,0.0,202000000.0,,,,,,-1305000000.0,0.0,,,,0.0,
T,2023-12-31,-254109000.0,0.213,46522000000.0,14400000000.0,18777000000.0,50123000000.0,45329000000.0,26552000000.0,-6704000000.0,6704000000.0,,15338891000.0,14400000000.0,97774000000.0,23461000000.0,7258000000.0,7181000000.0,1.97,1.97,14277000000.0,14192000000.0,14400000000.0,15623000000.0,15623000000.0,4225000000.0,19848000000.0,1898000000.0,1416000000.0,-6704000000.0,6704000000.0,,24654000000.0,47651000000.0,,28874000000.0,72305000000.0,50123000000.0,122428000000.0,122428000000.0,-1193000000.0,-1193000000.0,-1193000000.0,1193000000.0,,,,,1675000000.0,,,,,18777000000.0,18777000000.0,,,,0.0,208000000.0,,,,,,-1223000000.0,0.0,,,,85000000.0,
T,2022-12-31,-5774580000.0,0.21,48533000000.0,-8343000000.0,18021000000.0,50848000000.0,21035000000.0,3014000000.0,-6108000000.0,6108000000.0,,13380420000.0,-8524000000.0,97830000000.0,-4587000000.0,7587000000.0,7166000000.0,-1.13,-1.13,-7521000000.0,-8064000000.0,-8524000000.0,-7055000000.0,-6874000000.0,3780000000.0,-3094000000.0,-19897000000.0,5810000000.0,-6108000000.0,6108000000.0,,22911000000.0,46982000000.0,,28961000000.0,69893000000.0,50848000000.0,120741000000.0,120741000000.0,-27498000000.0,-27498000000.0,-27498000000.0,27498000000.0,,,,,1791000000.0,,1273000000.0,,,18021000000.0,18021000000.0,,,,-663000000.0,203000000.0,,,,,24812000000.0,-1469000000.0,-181000000.0,-1413000000.0,,,543000000.0,
T,2021-12-31,,,,,,,,,,,,,,,,,,,,,,,,,,,,,,,,,,,,,,,,,,,,,,,,,,,,,,,,,,0.0,,,,,,213000000.0,,-2297000000.0,,,,,
WMT,2026-01-31,0.0,0.244291,46471000000.0,21893000000.0,14203000000.0,535395000000.0,46471000000.0,32268000000.0,-2431000000.0,2799000000.0,368000000.0,21893000000.0,21893000000.0,683338000000.0,29825000000.0,8022000000.0,7983000000.0,2.73,2.74,21893000000.0,21893000000.0,21893000000.0,22270000000.0,22270000000.0,7199000000.0,29469000000.0,2075000000.0,2075000000.0,-2431000000.0,2799000000.0,368000000.0,29825000000.0,147943000000.0,,,177768000000.0,535395000000.0,713163000000.0,713163000000.0,,,,,,,,,,,,,147943000000.0,,,,,,,,,,,,,-377000000.0,,,,,,
WMT,2025-01-31,0.0,0.233836,42010000000.0,19436000000.0,12973000000.0,511753000000.0,42010000000.0,29037000000.0,-2245000000.0,2728000000.0,483000000.0,19436000000.0,19436000000.0,651637000000.0,29348000000.0,8081000000.0,8041000000.0,2.41,2.42,19436000000.0,19436000000.0,19436000000.0,20157000000.0,20157000000.0,6152000000.0,26309000000.0,-794000000.0,-794000000.0,-2245000000.0,2728000000.0,483000000.0,29348000000.0,139884000000.0,,139884000000.0,169232000000.0,511753000000.0,680985000000.0,680985000000.0,,,,,,,,,,,,,139884000000.0,,,,,,,,,,,,,-721000000.0,,,,,,
WMT,2024-01-31,0.0,0.255,36384000000.0,15511000000.0,11853000000.0,490142000000.0,36384000000.0,24531000000.0,-2137000000.0,2683000000.0,546000000.0,15511000000.0,15511000000.0,621113000000.0,27012000000.0,8108000000.0,8077000000.0,1.91,1.92,15511000000.0,15511000000.0,15511000000.0,16270000000.0,16270000000.0,5578000000.0,21848000000.0,-3027000000.0,-3027000000.0,-2137000000.0,2683000000.0,546000000.0,27012000000.0,130971000000.0,,130971000000.0,157983000000.0,490142000000.0,648125000000.0,648125000000.0,0.0,0.0,0.0,,,,,,,,,,130971000000.0,,,,,,,,,,,,,-759000000.0,,,,,,
WMT,2023-01-31,0.0,0.336,30089000000.0,11680000000.0,10945000000.0,463721000000.0,30089000000.0,19144000000.0,-1874000000.0,2128000000.0,254000000.0,11680000000.0,11680000000.0,590861000000.0,20428000000.0,8202000000.0,8171000000.0,1.42,1.43,11680000000.0,11680000000.0,11680000000.0,11292000000.0,11292000000.0,5724000000.0,17016000000.0,-1538000000.0,-1538000000.0,-1874000000.0,2128000000.0,254000000.0,20428000000.0,127140000000.0,,127140000000.0,147568000000.0,463721000000.0,611289000000.0,611289000000.0,0.0,0.0,0.0,,,,,,,,,,127140000000.0,,,,,,,,,,,,,388000000.0,,,,,,
WMT,2022-01-31,,,,,,,,,,,,,,,,,,,,,,,,,,,,,,,,,,,117812000000.0,,,,,-2410000000.0,-2410000000.0,-2410000000.0,,,,,,,,,,,,,,,,,,2410000000.0,,,,,,,,,,,
TGT,2026-01-31,0.0,0.222782,8346000000.0,3705000000.0,3134000000.0,74994000000.0,8346000000.0,5212000000.0,-445000000.0,445000000.0,,3705000000.0,3705000000.0,99663000000.0,5117000000.0,455600000.0,454100000.0,8.13,8.16,3705000000.0,3705000000.0,3705000000.0,3705000000.0,3705000000.0,1062000000.0,4767000000.0,95000000.0,95000000.0,-445000000.0,445000000.0,,5117000000.0,24152000000.0,,21535000000.0,29269000000.0,75511000000.0,104780000000.0,104780000000.0,,,,,,,,,,,,,,2617000000.0,2617000000.0,,,,,,,,,,,,,,,,,
TGT,2025-01-31,0.0,0.222391,8653000000.0,4091000000.0,2981000000.0,76050000000.0,8653000000.0,5672000000.0,-411000000.0,411000000.0,,4091000000.0,4091000000.0,101000000000.0,5566000000.0,461800000.0,460400000.0,8.86,8.89,4091000000.0,4091000000.0,4091000000.0,4091000000.0,4091000000.0,1170000000.0,5261000000.0,106000000.0,106000000.0,-411000000.0,411000000.0,,5566000000.0,24498000000.0,,21969000000.0,30064000000.0,76502000000.0,106566000000.0,106566000000.0,,,,,,,,,,,,,,2529000000.0,2529000000.0,,,,,,,,,,,,,,,,,
TGT,2024-01-31,0.0,0.219,8600000000.0,4138000000.0,2801000000.0,77442000000.0,8600000000.0,5799000000.0,-502000000.0,502000000.0,,4138000000.0,4138000000.0,101705000000.0,5707000000.0,462800000.0,461500000.0,8.94,8.96,4138000000.0,4138000000.0,4138000000.0,4138000000.0,4138000000.0,1159000000.0,5297000000.0,92000000.0,92000000.0,-502000000.0,502000000.0,,5707000000.0,23877000000.0,,21462000000.0,29584000000.0,77828000000.0,107412000000.0,107412000000.0,,,,,,,,,,,,,,2415000000.0,2415000000.0,,,,,,,,,,,,,,,,,
TGT,2023-01-31,0.0,0.187,6596000000.0,2780000000.0,2700000000.0,81991000000.0,6596000000.0,3896000000.0,-478000000.0,478000000.0,,2780000000.0,2780000000.0,105272000000.0,3848000000.0,464700000.0,462100000.0,5.98,6.02,2780000000.0,2780000000.0,2780000000.0,2780000000.0,2780000000.0,638000000.0,3418000000.0,48000000.0,48000000.0,-478000000.0,478000000.0,,3848000000.0,22966000000.0,,20581000000.0,26814000000.0,82306000000.0,109120000000.0,109120000000.0,,,,,,,,,,,,,,2385000000.0,2385000000.0,,,,,,,,,,,,,,,,,
TGT,2022-01-31,,,,,,,,,,,,,,,,,,,,,,,,,,,,,,,,,,,,,,,,,,,,,,,,,,,,,,,,,,,,,,,,,,0.0,,,,,
CAT,2025-12-31,66675678.017503,0.239841,14027000000.0,8884000000.0,2262000000.0,46111000000.0,14305000000.0,12043000000.0,-502000000.0,502000000.0,,8672675678.017504,8884000000.0,56438000000.0,11151000000.0,472300000.0,470000000.0,18.81,18.9,8884000000.0,8884000000.0,8884000000.0,8882000000.0,8882000000.0,2768000000.0,11541000000.0,892000000.0,614000000.0,-502000000.0,502000000.0,,11151000000.0,10327000000.0,2148000000.0,6985000000.0,21478000000.0,46111000000.0,67589000000.0,67589000000.0,278000000.0,278000000.0,,,278000000.0,,,,,,,109000000.0,1194000000.0,,,,,,,,,,,,,2000000.0,,,,,,
CAT,2024-12-31,116381365.437822,0.19659,15446000000.0,10792000000.0,2153000000.0,41485000000.0,16038000000.0,13885000000.0,-512000000.0,512000000.0,482000000.0,10316381365.437822,10792000000.0,51737000000.0,13072000000.0,489400000.0,486700000.0,22.05,22.17,10792000000.0,10792000000.0,10792000000.0,10788000000.0,10788000000.0,2629000000.0,13373000000.0,813000000.0,221000000.0,-512000000.0,512000000.0,482000000.0,13072000000.0,10252000000.0,2107000000.0,6667000000.0,23324000000.0,41485000000.0,64809000000.0,64809000000.0,592000000.0,592000000.0,0.0,,592000000.0,,,,,,,44000000.0,1478000000.0,,,,,,,,,,,,0.0,4000000.0,,,,,,
CAT,2023-12-31,87117000.0,0.213,15296000000.0,10335000000.0,2144000000.0,43797000000.0,15705000000.0,13561000000.0,-511000000.0,511000000.0,494000000.0,10013117000.0,10335000000.0,54094000000.0,12966000000.0,513600000.0,510600000.0,20.12,20.24,10335000000.0,10335000000.0,10335000000.0,10332000000.0,10332000000.0,2781000000.0,13050000000.0,595000000.0,186000000.0,-511000000.0,511000000.0,494000000.0,12966000000.0,10297000000.0,2108000000.0,6371000000.0,23263000000.0,43797000000.0,67060000000.0,67060000000.0,409000000.0,409000000.0,0.0,,409000000.0,,,,,,,63000000.0,1818000000.0,,,,,,,,,,,,0.0,3000000.0,,,,,,
CAT,2022-12-31,-167560000.0,0.236,12124000000.0,6705000000.0,2219000000.0,41915000000.0,11414000000.0,9195000000.0,-443000000.0,443000000.0,167000000.0,7247440000.0,6705000000.0,50598000000.0,7904000000.0,530400000.0,526900000.0,12.64,12.72,6705000000.0,6705000000.0,6705000000.0,6704000000.0,6704000000.0,2067000000.0,8752000000.0,366000000.0,1076000000.0,-443000000.0,443000000.0,167000000.0,8829000000.0,8683000000.0,1814000000.0,5651000000.0,17512000000.0,41915000000.0,59427000000.0,59427000000.0,-710000000.0,-710000000.0,-925000000.0,,215000000.0,,,,,,,19000000.0,1218000000.0,,,,,,,,,,,,925000000.0,1000000.0,,,,,,
CAT,2021-12-31,,,,,,,,,,,80000000.0,,,,,,,,,,,,,,,,,,,,80000000.0,,,,,,,,,,,0.0,,,,,,,,,,,,,,,,,,,,,,0.0,,,,,,,
